from,to,weight
11956484,4238408,6
11578327,2901002,1
11608340,11492024,1
12369529,11903814,1
9538252,4001592,1
12275675,1428102,1
7533983,10908375,1
7533983,11938023,2
12447125,9081267,1
12275675,11080708,2
12275675,8158497,2
12442832,11080708,2
11995602,4238408,2
11927597,11140418,2
11927597,12382828,2
1761521,4238408,1
9413910,11938023,2
11500955,10443817,2
12426448,9177877,2
7547586,6031995,1
12314453,3714404,1
4430536,9908952,1
1497720,9840637,1
8568110,2901002,1
5868293,1435167,2
5687636,2110417,1
11003573,11796003,1
11003573,12377205,2
5491428,10913001,1
11363434,1212401,1
11463582,2901002,2
10313194,7508700,2
5703997,8300135,3
10332687,4909087,3
10332687,6858244,2
7932273,11205149,2
7932273,11566849,1
7932273,11221013,5
7932273,10908375,1
6428488,12289098,1
10262731,2901002,1
1692468,8084805,1
12134565,10818128,1
12134565,9081267,1
11322052,10828043,1
6043544,3348264,1
6043544,4238408,2
9834122,4238408,1
10896502,953482,2
6043544,2592393,1
12288754,9184784,1
5868293,4001592,4
5868293,2411802,1
3431964,4909087,4
5868293,2901002,10
4876561,9284423,3
1243255,4238408,1
5868293,5811078,2
11246230,2700072,4
8820330,9377366,4
9578831,8973620,1
9578831,9728163,2
12229568,9284423,2
6903126,9284423,3
6903126,532312,1
10636733,1838257,1
8650115,2901002,1
10896502,10189214,1
11841670,532312,1
1497720,2851685,1
1497720,4238408,3
10464003,2851685,2
11956484,12096012,1
11956484,11643870,2
9408112,9874393,1
12196221,5908433,1
2119941,4238408,1
10491430,6361531,2
11822295,3944322,3
11822295,11884237,1
11822295,10418812,1
12140563,6098068,1
1497720,4333359,2
11058050,5828160,1
9940344,2901002,1
5487719,7954504,3
11653862,8263801,2
6238676,3944322,1
1876739,8468264,2
7173956,12152061,1
10383617,7964527,2
10383617,2535611,3
11956484,5152563,1
11956484,4333359,3
5443574,5996972,2
11956484,2851685,2
10136912,4238408,2
11653862,2901002,2
11653862,8300135,3
4559989,1755108,3
6083404,9728885,1
10800593,2851685,1
11841670,2901002,1
946137,2901002,1
11853632,8300135,3
11135962,12076271,1
11135962,1999585,1
12063840,10397364,2
10443658,9840637,2
10443658,4238408,2
5212614,11037648,1
5212614,2336654,5
11911984,2198210,1
8266189,1453822,1
11753555,6477565,3
11753555,2901002,1
11753555,5770501,3
5487719,4238408,2
10552640,3483203,1
10552640,9463227,2
9389773,4238408,1
9389773,2851685,1
5487719,10426037,2
11783776,943978,1
10537237,11990697,1
5703997,1855988,1
9378830,6517513,1
12024595,4396243,1
6589617,2336654,5
6589617,4333359,1
9378830,1651543,2
9837354,9209546,2
11970440,4674445,1
11053294,3944322,3
11908896,6893256,2
12000031,1139196,1
3871499,10791931,1
3871499,8544123,1
7422143,532312,1
9431573,2535611,1
11956484,2901002,1
11956484,9081267,1
9580869,10734200,2
10808871,10818128,1
7535670,9840637,1
8266189,11747861,1
7353600,6361531,1
11872426,7388477,1
5703997,2592393,1
5703997,10740966,2
8359767,9698684,1
11135962,2901002,2
11884542,3763302,5
415088,9840637,2
415088,3742686,1
415088,1651543,2
11053294,7964527,1
11053294,2535611,2
7517610,2535611,1
2658898,2741091,2
8339485,51685,5
5250909,2703401,1
6664990,7295157,1
11941800,4909087,4
11939521,11864134,1
11939521,6512253,2
5703997,10837503,2
1033606,2947378,1
8821584,5282702,1
8382707,4333359,1
10407737,5282702,2
10407737,8544123,1
11853632,2901002,1
8446738,6361531,1
9585960,4333359,3
9585960,10140310,2
11639969,3483203,1
11601034,11607986,3
1033606,2901002,1
7728410,10837503,1
3631440,4585963,1
11880185,11607986,3
5055891,4354477,2
5072692,2535611,1
4996042,6361531,2
10808871,2901002,1
3656142,4390160,2
5868293,3483203,2
5868293,11205149,2
11878746,1592364,1
11878337,1592364,1
667355,5025009,3
11463582,9840637,2
4996042,10442615,1
667355,11849973,1
667355,6393053,3
667355,6440173,3
10632473,7093741,2
2598316,6200416,2
667355,11607986,3
10018602,10295265,1
11359253,6361531,2
11359253,4333359,3
11463582,6361531,2
9161607,2336654,5
11737596,11607986,1
5124600,11170205,1
11851719,10295265,1
9822593,10426037,6
11848326,11607986,1
6843546,11470719,1
5868293,9081267,1
11793041,2901002,1
8076217,2535611,1
11838431,4895877,1
11836102,1592364,1
10728472,11607986,3
10728472,9840637,2
10704050,9840637,1
10704050,11607986,2
11723147,6361531,1
11723147,11205149,1
9144386,9840637,1
808946,4337867,3
8150532,10201580,4
2679225,4238408,1
11773938,11607986,1
3249399,8094885,1
1479974,11797812,1
3689085,11607986,2
10808871,6858244,4
10808871,4245112,1
11783204,6512253,2
11781149,11607986,2
7691211,6695849,2
7691211,7776603,2
10750517,10734525,2
9921453,9698684,1
2401532,6573902,7
10375196,9840637,2
11027302,2901002,2
9940344,10201580,8
9940344,8320861,1
5868293,11747861,1
3143203,8123710,1
9195301,4909087,4
5864214,6925185,1
9944937,4238408,1
6896310,3412660,3
6896310,4238408,2
11181726,6361531,1
11181726,5776838,1
9099959,9840637,1
10018602,1832058,1
11600323,2336654,6
11600323,9840637,1
11600323,4238408,1
6759267,6361531,2
11729738,11607986,1
4829258,6779307,2
583464,9452151,2
270326,9609447,1
11135962,4238408,2
11565807,2901002,1
7462615,9081395,2
8346493,4909087,3
9099959,10201580,7
11075330,3228542,1
11075330,532312,1
11688141,7388477,1
9561497,2901002,1
6436846,6265630,1
6436846,10589070,1
2168400,8624538,1
5967886,4909087,3
9024698,2901002,2
5212614,699305,2
7547586,10041225,2
2242044,7835267,2
8993099,3476346,2
866364,4909087,3
9024698,8123710,2
10895812,4909087,1
9895978,7117003,3
7932273,4909087,5
11633760,6511941,3
10396157,5847854,1
4701426,10157759,1
3848207,9511702,2
3848207,2137255,2
11600098,9081267,2
292291,11592102,1
11616334,4909087,2
9024698,2336654,14
11600963,7131499,1
11600963,10888655,1
11600963,10157759,2
10539466,5331834,1
10539466,5359002,1
8791503,4238408,2
11135962,9840637,2
4133063,1237531,2
7469605,4686625,5
4982782,5811078,2
11585893,2284490,3
11523244,4238408,2
9024698,4238408,2
9024698,9840637,2
11135962,11492024,1
7535419,1240268,2
4375983,10286422,2
5868293,8123710,2
5868293,9840637,2
5868293,532312,1
8051444,6926444,3
9431573,9081267,1
10603191,9840637,1
10603191,10620028,4
6796805,4133641,2
11325655,7835267,3
11325655,10620028,5
8359315,4985733,1
8359315,8557832,1
8359315,9840637,2
2634219,4238408,4
7462428,10925936,1
7371506,9081267,1
7371506,6484158,2
6571327,7388477,1
11390915,10077617,4
10743315,10826178,1
10743315,2901002,2
11313583,2336654,4
11446382,1762211,2
6555335,2901002,1
6555335,4238408,2
10603191,3483203,1
10603191,4238408,1
10603191,1481986,2
5806136,1240268,1
10728472,7093741,1
10728472,9165263,1
3277133,2336654,6
11500955,4238408,2
6825505,9081267,4
8290376,6361531,6
8290376,6342575,6
11135962,9551447,1
2085438,9534184,1
11446190,4125116,1
11308135,2336654,6
8207612,10419999,1
6032016,2214597,1
6032016,9840637,2
8207612,2336654,7
8207612,9698684,1
8207612,4125116,1
8207612,4238408,2
9875052,532312,2
11035965,9537244,1
4278999,9537244,1
11082866,2901002,1
11135962,10201580,8
11135962,6422477,3
7932273,2901002,7
4430536,6047722,1
4430536,10005592,1
9925225,7388477,2
5520027,2842758,2
7930571,51685,3
3448011,5847854,1
11031361,4932316,1
11031361,3483203,1
9452512,6361531,2
11383307,10201580,4
208127,4909087,4
208127,1252759,2
7932273,9698684,1
7932273,4110614,2
7932273,7093741,1
11135962,4333359,3
11031361,5853611,1
11031361,10201580,7
11218700,10201580,5
9988582,10366273,2
4338000,4238408,2
4338000,9081267,1
11065684,794539,2
9927054,4333359,3
9927054,4125116,1
6920946,2336654,5
8749168,4983450,2
11330653,9081267,1
4004863,5173426,2
4004863,10007115,1
11322629,11323870,1
6480757,9081267,1
4004863,1240268,1
7247715,1499803,3
7247715,2832011,2
5212614,4333359,1
7313804,9214517,2
7313804,2255198,1
7081275,6625815,1
10193760,11255365,2
9988582,4238408,1
6744260,6652751,1
11300648,4333359,3
6799378,2421817,1
4804608,11137576,1
6239923,4333359,2
9288752,4909087,3
6239923,4909087,4
9933449,6287308,1
10115186,10964685,1
9940782,4909087,3
11174424,4909087,3
5375274,7053679,1
7932273,9840637,2
7932273,9976846,1
7932273,8123710,2
7932273,2958943,1
11241169,6349838,2
7881599,6361531,2
7881599,3735873,1
5375274,8123710,2
8901292,9840637,2
9758660,6287308,1
9758660,4333359,2
5322660,8410622,6
9142709,2864250,1
10970478,1762211,2
8219251,4550141,1
8219251,6220759,1
8219251,8111755,2
2308722,10895207,2
2308722,2901002,1
11210589,4333359,3
4150078,6779307,3
11109146,2901002,1
11109146,4909087,5
7671519,2901002,2
10494720,10964685,5
6414747,7505395,1
7590993,4819353,3
7590993,1782792,4
9936834,5847854,2
11132325,10201580,7
6674648,7237997,2
1839946,4909087,2
11146521,2901002,3
687739,8052902,1
8051444,2901002,6
5565466,9362747,2
5610840,3538107,2
10209499,2336654,4
10209499,4909087,2
11100832,10734525,3
8526986,4323,1
4436803,4490749,1
2293224,6942527,4
2716095,9129474,2
2716095,11035063,2
10755534,11021886,1
2198720,748858,5
11053304,7077050,1
8389470,6220759,1
7158436,6942527,2
7637930,4492932,1
9371703,10025972,1
6752994,2258013,2
9840637,4333359,1
4948889,4909087,2
1437138,9863207,1
5868293,8120908,1
8293309,4909087,3
6647375,4001592,1
2938496,4001592,1
501054,8953378,1
8727339,2084384,5
10985548,4893407,1
825227,7165168,1
825227,736937,1
2129285,11019173,2
2129285,4333359,2
5413088,2357112,1
9530105,9209546,6
7759833,9209546,3
8160881,9869695,1
8051444,10953743,2
8051444,2421817,3
8051444,9209546,5
6525082,1391671,2
4436803,4785185,9
1305886,8628758,2
9111050,5820814,1
10719867,4565947,2
10964500,9209546,2
10883088,8628758,2
8211523,9209546,2
8211523,9840637,1
2504762,2535611,1
5939036,2901002,1
10913191,7141506,1
4803521,9177877,3
9530105,7223727,2
9924147,9209546,2
8003817,10862252,2
8727339,2901002,3
9512152,5704863,6
9512152,7359176,6
8474517,5704863,2
10831574,5374924,1
1467082,2547724,1
7644267,10322766,1
10891071,5374924,1
10891071,1168212,1
9772551,9209546,2
9542954,3152047,1
9542954,9209546,2
7004463,6361531,2
10801499,9108239,1
3116949,4238408,1
3116949,4001592,1
10818522,6615163,1
10112876,2847946,1
1243255,9177877,1
1243255,9209546,2
1243255,4333359,2
10801499,3679377,1
10801499,9209546,3
10833061,9698684,1
10833061,9209546,3
10833061,4909087,5
10464813,4001592,1
10838789,1456927,1
5604992,4909087,1
10767482,4248842,1
10742470,5375464,1
4520017,4492932,2
2598876,772649,4
10805303,5820814,1
5120089,10201580,6
7420623,9209546,1
10211367,9307263,1
10150468,5820814,1
10516752,8467973,5
2170140,10067173,1
4317794,5516874,2
8791503,2891152,1
651174,542190,2
9431057,9209546,2
9978457,9209546,4
9978457,4909087,4
10719867,4390160,1
8791503,6047722,1
10741532,4909087,3
439621,4909087,3
2304735,9142590,2
2304735,7752296,1
1941253,5828883,2
9177877,4909087,3
3277133,4909087,12
9210757,9497965,1
9210757,4909087,5
6912791,4492932,3
9832302,9754169,1
5820814,3510736,2
8849216,6361531,2
8469518,10687003,3
7058823,4909087,4
10582772,541038,1
10582772,8146556,1
5704863,190597,1
9467345,3483203,2
9177877,9209546,2
10512735,9209546,2
1155578,6671176,2
10339255,3254400,1
9590712,4843503,1
10395806,7141506,1
10395806,6345518,1
10395806,6154787,1
9933449,9209546,2
766708,7954504,3
766708,7835267,3
766708,10633290,3
10395806,4279661,1
10096185,8708364,2
10096185,6296473,3
2260344,2901002,1
4520274,6799297,4
4520274,6866811,1
3936294,7954504,3
10586136,5811078,1
3800761,6108661,1
5218354,5811078,2
10609992,2336654,5
10530575,8146556,1
10530575,2336654,8
7081275,5820814,1
9932027,8111755,1
7810784,1163373,1
10464893,3279716,1
10464893,9492673,2
3277133,6671176,1
1243255,6671176,1
9629771,4333359,2
10535881,7954504,1
3277133,8643941,1
3277133,3483203,2
3277133,9209546,4
7698116,6342812,4
10561031,9108532,3
10561031,8305660,3
10561031,3894543,3
10561031,8146556,3
10561031,5535114,3
10518845,2901002,1
8792365,9209546,2
8792365,6858244,2
4370943,5015569,26
9466906,7505383,1
9629771,1766544,2
8167871,3254869,1
8636829,7964527,3
8636829,8046232,3
9629771,8283047,3
8444827,3423035,2
10424268,10255652,1
10424268,3462509,1
10424268,3386063,1
8167593,4585713,1
3987860,5811078,1
3088202,4333359,2
3432888,487339,2
3432888,3483203,1
10117424,4333359,1
10117424,9209546,1
681132,1541036,8
10458537,6361531,2
8570006,5224926,1
8570006,4333359,3
10321210,4333359,2
3494669,8320861,1
9218680,3483203,2
3259331,2336654,3
10095708,7835267,3
802589,9051284,4
10112876,5467038,1
10112876,9874393,1
8916162,6671176,2
9991654,7835267,3
6642287,9769953,1
10375012,4317058,1
9080252,6942527,4
8612523,2336654,6
10084965,2336654,5
601787,2260,1
5709240,8305660,1
5709240,2535611,2
10369881,7013576,1
3448738,6671176,1
9161067,2336654,4
2943311,3483203,1
3441488,3483203,1
7319366,3483203,1
2700041,943138,3
887651,8404453,1
887651,10201580,7
9629753,9209546,2
9530972,4819376,2
9530972,6814154,2
8670757,6361531,1
10324442,9209546,1
5560898,4557382,1
5560898,7388477,1
5560898,9177877,2
1725377,3483203,2
1725377,6087502,2
3861199,2901002,2
1725377,2535611,1
5724487,7964527,1
5724487,8305660,1
4631379,4333359,3
10099689,9209546,1
8377782,2137255,2
8377782,9209546,3
6109920,2823755,1
6109920,7592064,2
4850343,2336654,4
10112632,3793674,1
9118733,8320861,1
9118733,2137255,2
5560898,2336654,14
5560898,4909087,10
5560898,5224926,1
8203242,2336654,6
10112632,6671176,2
7134583,9209546,3
9524848,8749168,1
5560898,2285236,6
8705615,1773367,1
8705615,9209546,2
10266803,8959807,1
5560898,3483203,4
5560898,6671176,2
5560898,2535611,1
4487782,4909087,3
4487782,487339,1
3277133,4333359,2
8542692,4819449,2
8542692,3639023,1
10139745,233813,1
7332095,4909087,2
7183666,478288,1
5560898,9003475,2
5560898,2901002,1
4150078,9209546,1
2493856,2925052,1
8364914,4909087,2
8878774,7252651,2
5426588,1252759,1
10245736,1252759,2
6220759,4867193,2
6220759,7013576,1
6220759,6631196,1
9341104,3483203,2
10112632,2901002,1
9919494,3316882,2
9919494,1532172,3
9919494,17160,4
9793589,7223727,3
4005417,9209546,1
9727789,3483203,2
288609,3483203,1
8791503,2535611,1
7489488,9067615,1
8683269,2901002,1
9814693,9209546,1
9814693,4909087,3
9500464,9209546,1
10179907,9067615,2
10179907,308903,1
7319366,6671176,1
10164199,2413201,1
10112632,797495,1
9754169,6361531,1
9851762,5575238,1
4862326,2901002,1
5229651,9209546,3
7590993,4909087,3
10118268,1532460,4
3277133,4737952,1
5703997,9209546,6
9851762,2901002,1
7319366,5811078,1
1718956,4492932,1
7092900,2336654,5
2731627,2759482,1
4948889,704848,4
7058823,3483203,1
8007037,7668911,1
2520416,9209546,2
9305523,9209546,2
8007037,2535611,1
8007037,3483203,2
8007037,2137255,2
6930275,3112049,2
6930275,8371811,2
8117146,2303761,3
8913334,487339,6
1021602,9232410,3
8377782,2901002,1
4949486,5215507,1
4949486,7671874,1
10002343,532312,5
6571807,8898218,2
2560244,9209546,2
4930767,5745211,2
9896697,9462257,2
9347149,5458214,3
7828747,9274732,1
6621095,2535611,1
9099959,9209546,2
7705108,1106952,1
7705108,8747,3
7705108,870281,1
9915008,2336654,5
3071728,2336654,3
6745924,3483203,1
985805,9209546,1
9099959,2336654,6
9099959,5811078,1
9280381,7936002,1
9119615,9209546,3
7252868,2901002,1
9983733,5649747,1
4923452,2336654,8
9978457,6671176,1
9978457,8259064,2
6383397,4737952,2
4140027,2535611,1
9430995,4333359,3
9430995,1592364,1
5089491,4340985,5
3154212,4909087,8
9928075,9209546,1
9927674,4492932,3
9927674,416467,3
8683269,9085596,2
7406634,9209546,2
6064886,9209546,1
9572558,6361531,3
9572558,4323,3
1134881,9209546,2
3860993,9947339,1
9730578,8259064,4
8791503,9609447,2
8791503,3483203,2
8791503,5085211,3
1161841,736937,1
7398654,7716312,2
9929376,1252759,2
5703997,4333359,3
1972924,9274732,1
7476643,9209546,3
9563832,2901002,1
7535911,9209546,3
2463655,2336654,6
4140027,4909087,5
9814693,3063243,2
9456633,5811078,6
9456633,2901002,5
9456633,532312,5
3088202,6671176,2
219981,704848,6
8240649,9209546,2
8874771,7716312,5
4446712,9209546,2
4446712,7564333,3
1509695,1897678,2
8315659,444036,1
2835670,2867928,2
2835670,4909087,2
3766129,9209546,2
9797393,1975277,1
8973011,190597,2
9516819,4909087,4
5729272,4333359,2
8421707,3510736,1
2044409,3510736,2
5092352,9209546,1
8345434,4983450,2
9290070,2336654,5
9290070,9209546,1
5171347,6671176,8
4288043,9740103,1
5171347,5741205,6
5171347,3510736,9
6741482,487339,2
2497039,9209546,3
8595091,4909087,4
2948334,1648033,1
9299259,2296458,10
9559162,2336654,6
7705108,2336654,7
8792365,3510736,1
5550284,9209546,3
754176,487339,2
6736266,2901002,2
4663377,2666057,2
3449832,5811078,3
5424671,3510736,1
9648755,9209546,3
9586779,9209546,6
1362485,2336654,5
3990451,2336654,6
3990451,9209546,2
4815958,4582949,6
9609898,6671176,2
9605440,4333359,2
7552761,3510736,1
714319,4983450,4
7930571,4909087,5
6073158,8683182,1
7786035,8008776,3
9548894,4343502,4
6043544,7907591,2
6289601,9209546,2
6932758,6866811,1
6932758,8072983,2
9194769,4871110,1
5894276,2901002,3
9549286,4909087,3
4490400,9209546,2
7087474,9209546,2
9396878,1577947,1
9396878,9209546,3
7422287,189418,1
8783169,4492932,2
8783169,667883,1
2514936,9209546,2
5703997,9177877,2
9305276,9209546,2
6382434,6287308,1
8102068,9209546,1
8972207,5414307,1
8637577,4909087,2
8637577,2336654,4
9466906,7505395,1
9203524,2901002,4
1634753,9209546,2
1087908,9209546,1
1634753,4909087,4
8372455,4887682,3
8372455,6684107,1
3180352,1252759,1
3180352,9209546,1
3762120,2901002,2
3762120,9209546,3
9346665,9209546,2
7426965,9209546,2
8300917,9209546,2
7638546,2336654,4
7638546,4909087,2
8138305,9209546,3
8138305,667883,2
4561777,3877338,1
171318,2285236,3
6468053,6786975,2
6468053,2285236,4
9418328,9209546,3
9418328,2901002,1
9203524,6672746,8
8624402,2336654,6
5236124,2137255,2
5236124,1672128,1
3088202,4829258,2
6043544,4055021,1
6043544,9183344,1
7564704,2336654,4
9378512,9209546,3
9378512,7996271,1
7204030,2336654,6
9367408,1187220,2
9273350,9311370,1
9273350,9349968,6
3534551,667883,1
5839247,5080669,2
5839247,9209546,3
5839247,2901002,1
9347541,667883,2
9347541,9209546,3
755671,5241032,5
5993523,2901002,1
9095587,837534,1
7933539,4683950,2
45963,4492932,2
7070600,2336654,5
45963,2336654,6
45963,826983,3
6916973,837534,5
6916973,6147371,1
6916973,4579041,1
6780117,9209546,2
6096742,9209546,1
5120955,3919467,4
5985921,4829258,1
4710845,4983450,4
9248279,7311767,1
4363045,2901002,1
9108912,2102114,1
3581217,6388994,1
7426965,4909087,4
8349184,6509519,1
8960574,6509519,1
3120489,5851928,1
5839247,8841872,1
5839247,4909087,5
4148807,6054622,1
5336019,1281485,2
8936256,7661057,1
9173983,4909087,3
7595201,3704482,1
4796694,7311767,2
5438460,4829258,3
7478456,6149882,2
9134181,2901002,1
9036931,2901002,5
8801308,2901002,1
8801308,826983,4
9117548,8003790,2
5100922,4819376,1
5100922,5811078,1
7535156,1635180,4
7853947,7505395,4
9089567,4909087,2
9045698,6361531,1
9054360,5602504,1
5336018,6927601,5
5909441,8320861,1
4681134,2271269,9
4896331,6900838,1
7853947,826983,4
2740727,2137255,1
8970878,2901002,1
4608626,4044103,6
1734278,4983450,3
5109802,2285236,5
5665505,6287308,1
5703997,4887708,1
5703997,2464121,2
7804991,6361531,2
766708,2901002,1
766708,4800652,1
501054,2901002,1
501054,4800652,1
8950775,2857926,1
501054,2336654,7
4035529,7851470,1
8267109,8756315,2
8479607,4366229,1
2026781,2336654,4
8479607,4800652,1
7823253,6287308,1
7620499,3707720,1
2904588,2875563,1
5141727,4800652,2
7300005,2336654,2
7388024,5811078,2
3088202,4983450,3
8579043,190597,2
3166881,4909087,5
8729326,56541,1
7751504,6573902,2
7751504,2137255,2
5421539,4323,2
7853947,4800652,1
7853947,2336654,7
2480769,2336654,6
8690470,2901002,1
8622826,4359551,1
8622826,2137255,2
7853947,2901002,1
7853947,2236150,1
2717063,2336654,12
2717063,6361531,1
7326305,5393381,1
7954504,2336654,8
2856558,5393381,1
8194773,1782792,5
5703997,2901002,1
6678835,2901002,1
8572491,2336654,5
2717063,1762211,1
8144295,8231181,2
4623656,2137255,1
4825905,4642859,1
2244081,5276797,7
8266561,5916727,1
8266561,2074981,1
8290376,7964527,4
8290376,2324298,5
8290376,2901002,10
6421290,2901002,1
4663679,2336654,4
8351688,2336654,5
8436383,4365003,2
4321039,4323,2
3437787,2285236,3
8419482,2336654,6
7528751,8408934,1
7265880,2336654,6
7265880,6342575,1
7265880,4983450,3
8267167,2336654,5
8290376,2336654,22
8290376,7985142,8
8081595,1782792,7
2719598,6361531,1
7547749,2137255,2
7547749,1453822,1
7672533,6655211,3
8372455,2336654,9
8372455,2411802,3
8372455,4686625,16
8372455,4909087,7
6803114,2336654,5
4537383,6361531,1
5120955,6361531,1
6901159,6065591,2
7492284,7214344,2
2394952,7746385,3
7900140,4800652,2
7900140,8144295,1
5312971,2336654,4
7492284,5393381,3
7492284,2821252,1
8229816,6361531,1
8229816,5241032,7
8286317,667883,2
7954504,2285236,3
8229816,8231181,1
8266561,5300112,3
8266561,2285236,6
6005062,7982275,2
8227494,1404311,6
7574860,1577947,1
1058584,7688996,1
4704969,2336654,5
4704969,2285236,4
8177554,4492932,2
6304017,4049396,2
7836530,704848,6
8000201,2287299,1
4043845,6361531,4
6916973,7311767,3
6537007,7311767,1
3731467,6342575,4
7037746,2336654,6
7204030,487339,2
7584467,7311767,1
673760,2336654,4
7683796,667883,1
6866170,704848,14
6916973,4956987,2
5024531,2336654,7
977038,2901002,1
6560626,5085211,1
1115277,2336654,7
4949486,704848,4
6916973,6287308,2
4043845,2336654,14
4043845,624829,8
6916973,2901002,1
5332464,4323,1
4043845,3628236,5
4043845,1427416,4
4043845,5952674,3
4043845,6287308,2
7593646,6207849,4
7593646,2336654,7
7565818,2336654,6
1838999,3558644,1
1838999,42346,6
7565818,10238,1
7565818,42346,6
7391006,2336654,6
6916973,4356204,2
7696422,3558644,2
7696422,6053327,1
6916973,4686625,28
6916973,5869177,1
6916973,4787467,1
6916973,4983450,4
3848207,3027854,5
1761521,624829,7
489564,7366928,4
7112155,2748781,1
7615984,2336654,6
6916973,4082217,2
6916973,4323,2
4140027,2901002,2
4140027,1057443,1
7265880,3054161,2
2335820,7168677,3
6377863,2336654,6
1290680,7311767,6
3259331,2298070,9
6916973,4492932,3
3225420,2336654,7
3225420,487339,3
3225420,6287308,2
3225420,682797,1
3917349,624829,7
3993270,2901002,1
3993270,2336654,14
6637269,2901002,2
7493449,1936114,3
6592934,6779307,5
58634,3877338,1
58634,2336654,4
6592934,6207849,4
6592934,2901002,1
6106842,3707607,3
7421001,3707607,2
717880,2336654,3
3113510,3067241,1
3993270,545438,1
3993270,4983450,4
5155413,704848,3
4140027,5806746,3
4140027,4983450,4
950280,4983450,3
7350180,4983450,4
1909918,2336654,10
7323821,2336654,7
6511941,4983450,1
7008941,1609428,2
7008941,6596015,2
5467595,2543372,1
3142347,6207849,4
5869177,6207849,3
7008941,6924242,4
6646696,49559,1
7008941,2285236,5
4727766,704848,1
7008941,189418,1
4727766,624829,2
4727766,2336654,1
4140027,378704,1
4114372,2285236,4
7076909,6900523,1
7076909,4983450,4
4114372,5626112,2
1067308,2336654,6
6866170,2336654,7
2965601,2285236,6
6828360,704848,6
2039162,12663,1
3751373,6207849,8
336527,4983450,2
1909918,6207849,2
6665281,2336654,5
959937,6657815,2
4596596,2336654,5
1017917,3455794,1
1017917,2483271,2
1017917,3732271,2
1017917,4983450,5
4642859,2336654,4
1909918,2285236,4
4596596,5648958,1
771848,5717589,1
2333196,2336654,3
6538950,2285236,5
6377863,4983450,3
6377863,3339965,1
4032552,2901002,1
336527,699305,2
5857901,2336654,6
514210,4686625,11
6246100,1320510,1
1181744,257465,5
5816243,1624921,1
5816243,2549021,1
6240629,4983290,2
2826011,3628236,2
2826011,1910242,1
3798597,190597,2
6168738,2826011,3
6168738,3691783,3
6168738,2901002,1
4774724,704848,7
4797524,5976265,4
336527,3510736,1
6019463,3510736,3
6019463,2411802,1
674301,1502891,2
5931373,2028710,2
5872497,5276797,11
5826447,837534,3
3165737,2901002,1
5799632,837534,4
5799632,704848,6
5569314,1968405,1
690430,704848,10
2293224,707650,3
4805990,487339,1
4805990,704848,5
3682157,704848,1
3034614,704848,5
2044409,704848,6
2669472,704848,6
3165737,3877338,4
2300461,487339,2
2300461,704848,6
3675188,918959,2
833300,704848,4
3919467,1628722,5
4110613,704848,6
3682157,1222578,2
2468646,137783,6
2935984,625914,1
2445114,1221924,1
7964527,4238408,6
10693860,10908375,1
10693860,11938023,2
10908375,11938023,1
9325592,7805917,4
1838257,4238408,1
10801094,11938023,2
10189214,10443817,1
8380272,10443817,1
12305476,3714404,1
10968232,9840637,2
12377933,1435167,1
2901002,2110417,1
10244126,11796003,1
10244126,12377205,2
11796003,12377205,1
11945002,2901002,2
6520041,6031995,1
10189214,7508700,2
8773779,7508700,2
9375102,8300135,3
12340241,4909087,3
12340241,6858244,2
6858244,4909087,1
5375464,12340241,2
5375464,4909087,5
5375464,6858244,4
11205149,11221013,3
9375102,11205149,2
9375102,11566849,1
9375102,11221013,5
9375102,10908375,1
11566849,11205149,1
11566849,11221013,4
10908375,11205149,1
10908375,11221013,4
2901002,12289098,1
4876561,2901002,1
8143615,11301900,1
8143615,5335066,1
7388477,11227308,1
1353723,2901002,1
3348264,4238408,1
8708364,4238408,2
4492008,7431860,1
3633891,9184784,1
2411802,4001592,1
7964527,4001592,4
7964527,2411802,3
8305660,4909087,5
6925185,4909087,5
11232091,9284423,3
2411802,7273237,31
4590385,7273237,31
8208006,4238408,1
2535611,4238408,2
8973620,9728163,1
10189214,9284423,3
10189214,532312,1
532312,9284423,2
9150294,12023442,2
9641680,1838257,1
10418812,1838257,1
1927583,532312,1
11884237,2851685,4
11884237,9081267,2
11884237,4238408,4
10189214,2851685,2
10189214,9081267,2
10189214,4238408,4
9081267,2851685,2
9081267,4238408,4
2205969,2851685,2
12096012,11643870,1
11884237,12096012,1
11884237,11643870,2
11897007,12096012,1
11897007,11643870,2
4527988,9874393,1
2411802,4238408,1
2205969,4238408,2
7964527,7505395,4
11884237,3944322,2
10418812,3944322,2
8366805,6098068,1
9020163,4333359,3
9227188,4333359,3
11219825,9020163,1
11219825,4333359,4
11219825,9227188,1
10128550,2901002,1
3935325,10231630,9
3935325,4854591,7
4854591,10231630,2
2538939,3944322,2
11884237,8468264,4
7964527,8468264,4
7964527,2535611,9
5152563,4333359,2
5152563,4238408,1
10189214,5152563,1
10189214,4333359,3
4238408,4333359,1
9302488,3444175,2
5966042,3444175,2
3185459,11452713,2
11884237,11452713,2
6417219,2901002,1
6668254,2901002,1
11403935,2901002,1
5470573,9840637,1
11897007,5470573,1
11897007,9840637,2
2538939,5470573,1
2538939,9840637,2
2901002,8300135,2
4286590,2901002,1
4286590,8300135,3
2901002,2851685,1
3545273,2851685,2
8244247,2851685,2
11037648,2336654,4
7697652,2901002,1
6925185,2198210,2
2901002,6477565,2
2901002,5770501,2
1792467,9698684,1
3483203,9463227,1
100297,3483203,1
100297,9463227,2
12015722,3483203,2
12015722,100297,1
12015722,9463227,3
7964527,3483203,18
7964527,100297,1
7964527,9463227,3
11232091,4238408,2
11232091,2851685,2
10418812,10426037,2
7964527,10426037,2
7204688,67579,1
11932640,7204688,1
11932640,67579,2
7964527,943978,1
9299259,2796875,5
9299259,1966723,5
11051292,11990697,1
6104959,11990697,1
3911355,11990697,1
4333359,2336654,4
7964527,3767239,1
6925185,4674445,1
11610186,4674445,1
7420056,8123710,1
532312,8123710,2
7031759,9840637,2
10713992,11779238,2
10713992,9698684,1
9698684,11779238,1
3704368,2901002,1
2592393,10740966,1
10124054,2901002,1
4286590,9840637,2
4286590,3742686,1
4286590,1651543,2
3742686,9840637,1
3742686,1651543,1
10189214,2535611,1
3715974,2741091,2
8733066,2703401,1
10713992,2703401,1
7333883,7295157,1
6361531,7333883,3
6361531,7295157,4
11864134,6512253,1
1311943,2901002,1
2631973,5282702,1
5507529,5282702,1
2535611,10837503,1
2535611,9609447,1
8544123,5282702,1
7964527,2901002,21
10140310,4333359,1
10067043,3483203,2
7964527,11470719,2
7964527,3515631,3
11470719,3515631,2
6925185,2901002,1
10885502,2901002,1
2667536,2901002,1
7964527,11205149,2
2901002,3483203,4
2901002,11205149,2
7964527,9099959,1
10197418,7149485,2
2901002,9840637,5
1422451,10442615,1
11849973,6393053,2
11849973,6440173,2
8116223,7093741,1
11553043,7093741,1
6361531,4333359,1
6925185,6361531,2
3944322,2336654,5
3876609,5114164,2
3876609,11607986,4
5114164,11607986,2
10732232,11607986,1
8285811,10732232,2
8285811,11607986,3
7480460,10732232,2
7480460,11607986,3
2538939,7388477,1
11832001,5704863,1
2538939,2901002,1
423926,2901002,1
7988497,4895877,2
9840637,11607986,3
11205149,10201580,6
7175713,10201580,6
3545273,11205149,2
3545273,7175713,2
3545273,11669446,2
3545273,10201580,8
11669446,10201580,6
10997663,8094885,1
6512253,11607986,2
4245112,6858244,3
1753932,6858244,4
1753932,4245112,1
11643825,6858244,4
11643825,4245112,1
8874696,11607986,3
11489387,10734525,2
11237863,9698684,1
7913251,9698684,1
6222977,2901002,1
7471822,2535611,1
11557974,5052365,1
8708364,2901002,8
2255198,9497687,1
2255198,4304456,1
7964527,8094885,1
1910242,704848,3
11747121,10201580,8
11747121,8320861,1
11426718,10201580,8
11426718,8320861,1
8353711,10201580,8
8353711,8320861,1
8320861,10201580,7
7664524,10201580,8
7664524,8320861,1
11051292,8123710,2
11051292,2901002,1
2901002,8123710,5
9716278,2901002,1
4238408,3412660,1
9081267,2336654,6
9081267,9840637,1
9840637,2336654,5
4238408,2336654,10
11051292,6361531,2
3545273,11607986,3
11730027,11607986,3
10942935,2901002,1
11032232,9081395,9
4551984,3190076,1
4551984,9754169,1
10589070,7388477,1
10041823,9081267,1
7964527,4909087,80
11341077,2901002,1
10041823,2901002,1
4833056,699305,4
9026523,10041225,2
10521959,3483203,2
10189214,3483203,2
6570888,7835267,3
8313460,7835267,3
10325516,3476346,2
5502866,9311083,1
11631496,9311083,1
10033286,6511941,3
9200529,1692260,3
9200529,2091230,3
2319771,5847854,2
8121719,10157759,1
7964527,8121719,1
7964527,10157759,2
7932273,9511702,2
7932273,2137255,2
11015427,11592102,1
2535611,4909087,8
7131499,10157759,1
10888655,10157759,1
3545273,7131499,1
3545273,10888655,1
3545273,10157759,2
3717658,4238408,2
10067043,4238408,2
7371893,4238408,2
3806464,4238408,2
10331864,4238408,2
11486681,11247027,3
2032994,9529048,10
2032994,1237531,19
9529048,1237531,9
9360135,4686625,13
785673,11492024,1
532312,9840637,1
103254,10836685,1
103254,9081267,1
7392741,9081267,1
5197270,9081267,1
6063482,2901002,2
8353711,2901002,1
9840637,10620028,3
7835267,10620028,2
4985733,9840637,1
7703958,4985733,1
7703958,8557832,1
7703958,9840637,2
8557832,9840637,1
9081267,6484158,1
2901002,4981721,2
10521959,2901002,2
10521959,4981721,2
10826178,2901002,1
10189214,6282576,2
10189214,10330386,1
10330386,6282576,1
11476249,1762211,2
2901002,4238408,1
7964527,1481986,3
3483203,1481986,1
4238408,1481986,1
7236077,7093741,1
7236077,9165263,1
2535611,2336654,6
2901002,2336654,42
5950399,10419999,1
5950399,2901002,1
10302056,4238408,6
10302056,8347081,4
8347081,4238408,2
7964527,9081267,3
7964527,10113401,1
2901002,9534184,1
1939996,4238408,1
9698684,4238408,2
3444923,9534184,1
1695172,2901002,1
5154274,9081267,1
2214597,9840637,1
6792743,2336654,7
6792743,9698684,2
6792743,4125116,1
6792743,4238408,2
9698684,2336654,6
4125116,2336654,6
4125116,4238408,2
11416991,7440802,1
10010216,11363596,1
6272103,10201580,8
6272103,6422477,3
6422477,10201580,5
5496433,7388477,1
5150942,2842758,2
7964527,6287308,6
10286422,5847854,1
9081267,5847854,1
10307576,4932316,2
10307576,3483203,2
7964527,4932316,2
11015427,4125116,1
11015427,4238408,2
11015427,2535611,1
11390041,827391,1
11390041,1240268,1
6029105,827391,1
6029105,1240268,1
7964527,7917887,1
7964527,1252759,3
1252759,4909087,2
2901002,4110614,1
9698684,4110614,1
7093741,4110614,1
11015427,10878688,2
3545273,7388477,1
10189214,7388477,1
5094841,5853611,1
5094841,10201580,7
5853611,10201580,6
2901002,10201580,14
8708364,10201580,8
8708364,6764113,1
8708364,1397946,1
6764113,10201580,7
1397946,10201580,7
7964527,4333359,9
7964527,4125116,1
4125116,4333359,2
7964527,2336654,105
8874696,2901002,1
4703367,4983450,4
4703367,1240268,1
4870005,4983450,4
4870005,1240268,1
1240268,4983450,3
11035597,9081267,1
10007115,5173426,1
2901002,11323870,1
8144553,11323870,1
10002343,2901002,5
10002343,11323870,6
10002343,8144553,5
7964527,6256482,1
2832011,1499803,1
10119199,4333359,1
7964527,10119199,2
2255198,9214517,1
7964527,6625815,1
4518388,4238408,1
7671519,4238408,2
7671519,4518388,1
10991314,4333359,3
10868996,4333359,3
10337630,2901002,1
5858851,4909087,4
6792743,4333359,3
9512152,6792743,5
9512152,4333359,8
9512152,10799544,5
10799544,4333359,3
9840637,4909087,3
2901002,6287308,2
9081267,4909087,4
9976846,9840637,1
9976846,8123710,1
2958943,9840637,1
2958943,8123710,1
5238915,6361531,2
5238915,3735873,1
3735873,6361531,1
11015427,8123710,2
3284713,7237062,3
9803111,7237062,4
9803111,3284713,1
3967578,7237062,4
3967578,3284713,1
6797250,7237062,4
6797250,3284713,1
6287308,4333359,1
6881240,1762211,2
7077050,3483203,1
9512152,2901002,6
4550141,8111755,1
6220759,8111755,1
1831706,8970054,1
2901002,10895207,1
9803111,4333359,3
11161774,6779307,5
7964527,6779307,5
3711940,6779307,5
11180560,6779307,5
2901002,4909087,4
7671519,9698684,1
7671519,6286540,1
6792743,6286540,1
6792743,2901002,1
4819353,1782792,1
8727339,9698684,2
10712188,10201580,7
5855649,9177877,1
4593642,2901002,2
4909087,2336654,10
11058247,5368599,2
366553,8846998,1
221794,7093741,1
9960182,2901002,1
4075155,8453690,3
8899386,4075155,3
8899386,8453690,6
5496433,6942527,4
5496433,9698684,1
9698684,6942527,3
6177877,4492932,3
3021415,10025972,2
7386332,2901002,1
2901002,4333359,2
8123710,4333359,1
8708364,4909087,5
6220759,8795073,2
6220759,10164573,1
6220759,7093741,1
10164573,8795073,1
7093741,8795073,1
6177877,4139744,1
6177877,2901002,1
7964527,4139744,1
8120908,4001592,1
2695448,8120908,2
2695448,7932273,1
2695448,4001592,3
7932273,8120908,1
7932273,4001592,2
9698684,9840637,1
11035961,4909087,5
4267414,4001592,1
2901002,6361531,3
9962315,3483203,2
2406949,9962315,1
2406949,3483203,3
11019598,7165168,1
11019598,736937,1
9698684,9209546,8
2901002,9869695,1
10953743,2421817,1
4541412,9698684,1
4541412,9209546,3
9334238,9698684,1
9334238,9209546,3
10089328,9698684,1
10089328,9209546,3
6220759,4194079,1
2825570,4194079,1
5647272,4785185,9
5162768,8628758,2
5916727,4565947,2
7964527,5916727,1
7964527,4565947,3
7964527,9209546,45
9840637,9209546,2
6817835,2535611,1
2702737,2901002,1
7227627,100297,1
2937831,3685856,6
5625497,9209546,2
5820814,9209546,2
3152047,9209546,1
4838587,6361531,2
4838587,2901002,1
9299259,6361531,7
9198381,6615163,1
9198381,2847946,1
9299259,2847946,6
9299259,9198381,5
9177877,4333359,1
3679377,9209546,2
9698684,4909087,4
9209546,4909087,10
2131903,3149277,4
2131903,974555,4
2131903,2303761,4
7168104,9274732,1
5704863,4001592,1
9637318,2303761,3
9637318,772649,21
2303761,772649,18
9698684,10201580,7
3639023,9209546,2
8252763,6615163,1
8252763,9845763,1
6287308,4909087,6
1212401,6287308,2
1212401,4909087,5
2966617,6287308,2
2966617,4909087,5
4016285,9274732,1
4016285,7388477,1
7752296,9142590,1
9512152,3073185,6
5866580,4909087,5
9497965,4909087,4
7400128,3483203,2
9553594,3483203,2
7057003,4492932,3
2901002,3510736,8
4542359,3510736,4
8046232,7420623,2
6109920,7420623,2
9500059,8468264,3
8708364,4800652,1
3288092,10653196,1
3288092,3390419,1
4098013,10239789,1
4098013,2901002,3
4198852,2901002,1
4684861,9209546,2
10239789,9209546,2
7964527,6031995,1
6154287,6147621,5
6154287,5453723,9
5465130,6147621,5
5465130,5453723,9
6147621,5453723,4
4703367,2298012,1
4703367,4843503,2
2298012,4843503,1
5720196,2901002,1
5720196,9698684,1
8708364,6296473,1
6866811,6799297,3
4267414,9209546,2
5120049,2901002,1
5178905,2901002,3
8146556,2336654,7
8146556,5820814,1
3908247,8111755,1
3279716,9492673,1
7964527,6671176,10
7359176,7954504,2
8334261,7359176,1
8334261,7954504,3
4801783,8643941,2
4801783,67579,1
4801783,3483203,2
4801783,9209546,3
8643941,9209546,1
67579,8643941,1
67579,3483203,1
67579,9209546,2
3483203,9209546,3
9209546,6858244,1
2901002,9209546,26
2901002,6858244,3
7171976,5015569,39
4807458,7171976,4
4807458,5015569,43
9948827,4025659,1
2901002,7505383,1
10020435,7473629,3
5806755,3483203,2
7964527,4585713,1
7964527,487339,6
3483203,487339,1
3483203,4333359,3
6671176,4333359,1
6671176,9209546,1
3877338,1541036,16
3877338,5182136,2
5182136,1541036,14
2799941,4333359,3
2799941,9371607,1
9371607,4333359,2
6348485,4333359,3
6348485,9371607,1
7964527,4800652,1
381179,2336654,4
5741205,381179,3
5741205,2336654,7
6887528,2901002,1
10292474,6671176,2
2901002,4317058,2
9218680,2901002,1
9218680,4317058,2
8305660,6942527,4
8708364,6942527,4
3800761,7277561,1
2961541,2336654,7
2961541,9769953,1
9769953,2336654,6
6480402,2336654,7
6480402,6671176,2
6671176,2336654,5
8305660,2535611,1
6287308,7111382,1
3023116,7111382,1
2535611,3483203,6
6660373,3483203,2
6660373,2535611,1
4198852,3483203,2
4198852,2535611,1
10320838,3483203,2
10320838,2535611,1
8404453,10201580,6
10242229,8208006,1
1422451,6361531,2
4557382,9177877,1
8136350,4557382,1
8136350,7388477,1
8136350,9177877,2
7964527,4557382,1
7964527,7388477,1
7964527,9177877,2
7388477,9177877,1
5506894,4333359,3
7964527,2137255,2
2137255,9209546,1
8380272,7862558,1
8380272,3483203,6
7862558,3483203,1
2823755,7592064,1
6220759,2823755,1
6220759,7592064,2
4572274,2336654,4
6403976,4098013,1
6403976,2901002,2
6321559,3793674,1
7964527,3793674,1
10284439,8320861,1
10284439,2137255,2
8320861,2137255,1
5224926,2336654,6
5224926,4909087,4
2715948,9493987,1
2715948,5224926,1
3859224,9493987,1
3859224,5224926,1
6849682,8749168,2
8146556,1773367,2
2695448,7964527,1
2695448,5506894,1
1359058,9209546,3
1359058,6580543,1
6580543,9209546,2
3866172,4557382,1
3866172,7141506,1
9915320,8959807,1
7024766,2901002,1
2535611,6671176,1
8380272,4909087,10
8380272,2535611,1
8380272,487339,3
2535611,487339,2
487339,4909087,2
3639023,4819449,1
7964527,4819449,2
7964527,3639023,1
5309300,233813,1
3800761,478288,1
2901002,9003475,1
3483203,1252759,1
230454,7273886,1
230454,1252759,3
7273886,1252759,2
8258902,230454,1
8258902,7273886,2
8258902,1252759,4
10232261,4909087,10
2701933,4909087,10
7013576,4867193,1
6631196,4867193,1
6552084,9341104,1
6552084,3483203,2
6552084,4585713,1
4585713,3483203,1
3316882,1532172,1
3316882,17160,2
1532172,17160,1
5178905,9209546,6
1717828,3483203,2
1717828,2535611,1
9461974,9413990,1
9461974,9937273,2
9413990,9937273,1
7847903,9067615,1
2535611,9209546,2
308903,9067615,1
10101628,6671176,2
2136892,797495,1
7964527,797495,1
2314391,797495,1
9435107,6361531,1
2695448,6361531,3
2695448,9435107,2
4174466,4909087,4
190597,7938217,1
9299259,4737952,7
9299259,2570261,6
2570261,4737952,1
3490320,9209546,3
2136892,9209546,3
7964527,6615163,1
8146556,7571052,1
8166632,7571052,1
7964527,704848,14
9209546,704848,8
8380272,2901002,1
8380272,4593127,1
7964527,4593127,1
4264155,6671176,2
4264155,2901002,1
2901002,6671176,2
7386332,2137255,2
7619676,6361531,1
532312,9209546,2
2901002,5811078,3
5811078,9209546,1
7746365,9209546,2
7746365,5811078,1
3704368,2535611,1
3704368,3483203,2
3704368,2137255,2
2535611,2137255,1
2570261,2303761,3
7964527,2303761,4
7964527,2570261,1
8305660,532312,1
8305660,9232410,6
532312,9232410,5
2017661,5215507,4
2017661,7671874,4
1267132,9209546,3
10000141,9462257,2
6158987,2901002,1
6321559,9209546,3
10004959,9209546,3
10004959,2901002,1
1106952,8747,2
870281,8747,2
9609447,2336654,5
10000506,9209546,3
5811078,2336654,5
790387,7936002,3
1018659,5649747,1
9209546,2336654,20
4871110,4923452,2
4871110,9209546,2
4871110,2336654,6
8589512,8471144,2
3152844,8471144,2
6671176,8259064,1
5374924,4737952,2
1592364,4333359,2
4800652,4909087,4
3316882,9209546,4
6477201,4492932,3
8708364,4492932,3
3992043,416467,3
5916727,9209546,2
9609447,5085211,1
3483203,5085211,1
9885313,2336654,6
2901002,3063243,2
2901002,9814693,1
532312,5811078,1
3520965,6671176,2
202229,170005,1
202229,704848,7
170005,704848,12
9209546,7564333,1
8305660,4684861,1
8305660,3483203,2
5647038,4684861,1
5647038,3483203,2
4684861,3483203,1
6671176,2867928,3
6671176,4909087,3
9274732,4909087,4
7964527,4585963,1
2901002,9740103,6
7964527,9740103,7
5741205,3510736,3
702383,9696894,1
4871110,5811078,1
3483203,2336654,5
3381215,1110687,3
5348862,3381215,2
5348862,1110687,5
5907870,3510736,2
9299259,7964527,5
9299259,8008776,5
9055614,2901002,1
1568919,2901002,1
6866811,8072983,1
9253686,7207392,1
9253686,5811078,1
304093,7207392,2
304093,9253686,1
304093,5811078,2
4962332,7207392,2
4962332,9253686,1
4962332,5811078,2
5741205,4909087,5
1577947,9209546,2
5014700,4492932,3
5014700,667883,2
667883,4492932,1
2074981,9209546,2
3318273,9209546,3
4683950,6287308,2
5741205,9209546,6
4683950,5414307,1
2145789,4909087,5
2145789,2336654,7
2145789,9209546,3
2145789,6287308,2
9299259,2145789,5
9299259,4909087,10
9299259,2336654,12
9299259,9209546,8
9299259,6287308,7
6287308,2336654,15
6287308,9209546,2
374092,2901002,1
79793,2901002,1
79793,9209546,3
5514476,2901002,1
5514476,9209546,3
1088415,2901002,1
1088415,9209546,3
2570261,9209546,2
2570261,6287308,1
5017267,4909087,5
6684107,4887682,2
1456830,1451346,1
146073,2901002,1
6764663,146073,1
6764663,2901002,2
8666528,2901002,1
8666528,9209546,3
1499803,9209546,1
7368203,9209546,1
2901002,1499803,1
2901002,7368203,1
667883,9209546,2
2411802,3877338,3
7724156,6786975,4
7724156,2285236,6
6786975,2285236,2
9416508,4829258,1
2901002,4829258,2
2901002,9416508,1
9295613,2336654,6
8431275,9295613,1
8431275,2336654,7
1672128,2137255,1
4873159,4055021,1
4873159,9183344,1
1536437,2901002,1
1536437,6638903,1
7996271,9209546,2
7964527,6361531,6
7964527,7359810,1
7964527,4505244,2
7359810,6361531,1
7359810,4505244,1
7386332,1187220,2
7326738,1187220,2
9311370,9349968,5
5080669,9209546,1
2901002,5080669,1
9183344,6361531,1
7964527,9183344,1
7964527,5241032,8
1534017,9209546,2
1534017,837534,4
9209546,837534,2
7964527,4492932,3
5741205,4492932,3
826983,2336654,3
5178905,532312,1
3727550,2049147,2
6147371,837534,4
4579041,837534,4
7964527,4829258,3
7964527,4983450,4
5741205,2901002,6
2622907,3177936,1
2901002,323303,2
5741205,6509519,1
5116025,6509519,1
8841872,4909087,4
3522130,8841872,2
3522130,4909087,6
4107693,7661057,1
5514476,7926383,1
6520041,7926383,1
2901002,826983,3
3480223,2901002,1
6022016,2901002,1
7134286,9099959,1
7134286,8840163,1
2799941,7505395,2
4016285,6361531,2
4016285,4909087,5
6361531,4909087,3
8166632,7747975,1
7964527,7267841,1
7964527,534238,1
7267841,6361531,1
534238,6361531,1
5003756,7267841,1
5003756,6361531,2
5003756,534238,1
8715110,5602504,1
7761024,5602504,1
5003756,2901002,4
5173232,6927601,8
8478253,2271269,47
8435769,8478253,11
8435769,2463570,9
8435769,2271269,58
2463570,8478253,2
2463570,2271269,49
1930543,826983,4
3639023,4044103,19
2901002,4983450,3
996205,2285236,5
8896651,2285236,5
7964527,996205,1
7964527,8896651,1
7964527,2285236,6
4887708,2464121,1
1240268,2336654,6
1240268,7954504,2
7964527,1240268,1
7964527,7954504,3
8807079,4800652,1
890242,2336654,5
2901002,890242,1
4995030,890242,2
4995030,2336654,7
4995030,2901002,1
5741205,6287308,2
5741205,2336974,1
2336974,6287308,1
7964527,5811078,2
6341054,5811078,2
5741205,4983450,8
1972924,4909087,5
5741205,5205141,1
6451244,6573902,2
6451244,2137255,2
8347081,100297,1
7571052,5633320,6
4800652,2336654,6
2411802,2336654,24
7068859,2901002,1
3293881,6287308,1
7964527,3293881,1
4247599,8529697,1
4247599,2901002,1
4359551,2137255,1
6361531,2336654,10
190597,5393381,1
5741205,190597,2
5741205,5393381,3
2901002,1782792,5
4800652,1782792,5
8381385,2901002,1
2901002,4900574,1
4900574,2336654,5
5741205,8194773,1
5741205,1762211,4
8368216,8194773,1
8368216,1762211,2
8194773,1762211,1
2901002,2137255,1
7964527,190597,2
3135417,6361531,2
3135417,2137255,2
6342575,5276797,11
5741205,2411802,2
7964527,2324298,1
4760331,2336654,6
4832296,2336654,7
4832296,4760331,1
4832296,2411802,1
5026929,2336654,7
5026929,4760331,1
5026929,2411802,1
2411802,5075720,1
8290376,5026929,4
812662,2901002,1
5514476,2336654,7
5514476,6342575,2
5514476,4983450,4
6342575,2336654,5
6342575,4983450,2
4983450,2336654,6
7985142,2336654,7
1453822,2137255,1
2336654,4686625,7
2411802,4686625,13
2411802,4909087,4
4909087,4686625,9
5003756,7672533,1
5741205,6361531,4
8144295,4800652,1
314922,5393381,3
314922,2821252,1
2821252,5393381,2
6361531,5241032,6
2901002,5241032,7
7445833,3990806,1
5497294,5300112,3
5497294,2285236,6
5300112,2285236,3
7964527,7982275,4
5741205,1577947,1
2897372,7688996,2
2285236,2336654,2
67579,6361531,1
2901002,704848,6
6622817,1478537,1
3626961,2336654,6
1240268,7311767,2
667883,2336654,5
6163621,667883,1
6163621,2336654,6
2901002,667883,1
6277525,667883,2
5741205,837534,5
5520354,837534,5
5006,2336654,7
10335,2302819,8
7607701,6287308,2
2336654,624829,2
6817835,2901002,1
6203717,4323,2
5003756,3628236,5
1427416,2336654,3
5952674,2336654,4
5952674,1427416,1
6287308,1427416,2
6287308,5952674,1
6207849,2336654,3
3558644,42346,5
10238,42346,5
1753919,2336654,7
5741205,4356204,1
6053327,3558644,1
5869177,4686625,26
5869177,4983450,3
4787467,4686625,26
4787467,4983450,3
4983450,4686625,20
1239729,7565818,2
4431535,624829,8
5800230,2748781,8
1562285,2336654,6
4082217,4323,1
4082217,4492932,2
487339,2336654,4
6287308,487339,1
682797,2336654,6
682797,487339,2
682797,6287308,1
1993206,2901002,1
6797347,624829,8
3877338,2336654,3
5741205,6207849,4
2901002,6207849,3
545438,4983450,3
545438,2336654,6
5741205,704848,14
5806746,4983450,1
5741205,5806746,3
3707607,2336654,5
2901002,4492932,2
2901002,2543372,1
5741205,3558644,2
5741205,3765319,1
3765319,3558644,1
3025981,2285236,5
3339965,704848,5
5741205,3339965,2
5741205,1474727,2
5741205,2063361,1
1474727,704848,5
2063361,3339965,1
2063361,1474727,1
2063361,704848,6
2901002,2285236,5
3124409,4099813,1
6900523,4983450,3
4313064,6900523,1
4313064,4983450,4
4177078,5626112,3
7045225,2901002,1
5741205,2285236,6
4291583,704848,7
6414203,1762211,2
6669476,1762211,2
1681480,2336654,6
3455794,2483271,1
3455794,3732271,1
3455794,4983450,4
2483271,4983450,3
3732271,4983450,3
3165737,2411802,1
3846228,2411802,1
1225744,2087463,2
2901002,190597,1
3293881,2336654,6
1439745,4983450,3
6005451,1101713,1
2901002,699305,3
5314012,699305,4
5314012,2901002,1
4585963,3657742,1
2901002,3657742,1
1494637,2901002,2
1494637,4317058,4
1227991,257465,12
786593,1624921,1
786593,2549021,1
6259990,1624921,2
6259990,2549021,2
5019586,2635790,1
5019586,2826011,3
5019586,2357112,2
2635790,2826011,2
2635790,2357112,1
2357112,2826011,1
3991649,2635790,1
3991649,2826011,3
3991649,2357112,2
1771479,2901002,1
1910242,3628236,1
2137255,3628236,3
2137255,1910242,2
5741205,3691783,3
2901002,3691783,2
5402048,704848,7
5331112,3474956,1
4394564,3474956,2
4394564,5331112,1
3077059,3474956,2
3077059,5331112,1
4542359,2699288,1
2699288,3510736,1
2901002,2699288,1
2411802,2699288,1
2411802,3510736,4
2142055,2028710,2
2370124,2901002,1
844823,190597,1
2901002,5276797,12
2070074,837534,4
5142797,837534,5
5142797,2070074,1
837534,704848,2
1494637,1968405,1
1494637,2411802,1
1857805,2411802,1
2141635,487339,2
2141635,704848,6
4807623,2141635,2
4807623,487339,4
4807623,704848,8
4807623,447015,2
487339,704848,12
447015,487339,2
447015,704848,6
795990,487339,2
795990,704848,6
2699288,704848,5
5014134,3394978,1
1240268,487339,2
1240268,704848,6
170005,487339,2
1113211,918959,2
1968182,918959,2
4077912,704848,6
3849456,498892,1
1678467,498892,1
190597,1222578,6
190597,298607,1
298607,1222578,5
1240268,847663,3
1240268,625914,2
1240268,1221924,4
398968,644898,5
