from,Score1,to,Score2
10130636,0,9375102,0
6225526,2,11938023,2
6225526,2,4001592,2
7547385,0,4592059,0
7547385,0,1422451,0
11956484,0,4238408,2
7972788,1,2166823,0
9530105,1,9530105,1
11578327,0,2901002,1
4872347,1,12026290,0
11608340,0,11492024,1
12369529,-1,11903814,0
12390973,1,11608340,0
11069741,1,8103056,1
5092352,2,2901002,1
5092352,2,9698684,1
9538252,1,4001592,2
12289180,0,10576723,0
12289180,0,11897007,0
666130,0,9103445,-2
7498328,1,11363434,-1
12289180,0,9563006,0
12275675,0,1428102,1
12462059,0,12017165,0
11956484,0,4238408,2
11956484,0,7964527,0
7533983,0,10693860,0
7533983,0,10908375,1
7533983,0,11938023,2
12313190,2,2535611,1
12007010,0,12007010,0
12007010,0,12413110,0
12447125,0,9081267,1
11518140,1,10867430,1
8053370,1,10197418,0
5699604,6,9325592,0
5699604,6,7805917,4
11989075,0,8990534,0
11989075,0,12377933,0
12275675,0,11080708,2
12275675,0,8158497,2
12442832,0,11080708,2
11995602,0,4238408,2
12289180,0,10679867,0
11927597,-2,11140418,0
11927597,-2,12382828,0
8795734,1,2901002,1
9712631,0,2509344,0
1761521,1,1838257,1
1761521,1,4238408,2
7574199,1,2901002,1
9413910,0,10801094,0
9413910,0,11938023,2
11500955,0,11500955,0
11500955,0,10443817,1
11500955,0,10189214,0
11500955,0,8380272,0
12426448,0,9177877,2
11939595,0,11610186,0
7547586,0,6031995,1
11413949,1,1397946,1
4694757,2,606496,1
4694757,2,6564620,1
4694757,2,1838257,1
4694757,2,10913001,1
12314453,0,12305476,0
12314453,0,3714404,1
3277133,1,2901002,1
3277133,1,3444923,1
4430536,0,9908952,1
1497720,1,9840637,2
1497720,1,10968232,0
5231306,1,7964527,0
11079456,2,7932273,0
8568110,0,2901002,1
5868293,0,5868293,0
5868293,0,1435167,1
5868293,0,12377933,0
1497720,1,9153298,0
1497720,1,5417511,0
1497720,1,12358506,0
9976350,0,9976350,0
9976350,0,12115549,0
5687636,1,2110417,2
5687636,1,2901002,1
11003573,0,10244126,0
11003573,0,11796003,1
11003573,0,12377205,2
10885275,1,10885275,1
10885275,1,2901002,1
10885275,1,4185364,1
9281012,1,2901002,1
5491428,0,10913001,1
11363434,-1,1212401,0
11633491,1,9698684,1
5391663,4,8973620,1
5391663,4,2901002,1
5391663,4,2901002,1
11511865,2,8205554,0
11511865,2,7932273,0
11463582,0,2901002,1
11463582,0,11945002,0
12352987,1,6031995,1
12352987,1,6520041,0
10365747,0,11897007,0
8797830,1,7525328,1
10313194,0,10189214,0
10313194,0,8773779,0
10313194,0,7508700,2
5313508,0,8205554,0
12282966,0,9565737,0
12282966,0,11585842,0
12282966,0,3633891,0
12261833,2,12023442,0
5703997,0,9375102,0
5703997,0,8300135,3
12225102,2,11884237,0
10332687,2,12340241,2
10332687,2,4909087,5
10332687,2,6858244,4
10332687,2,5375464,0
7932273,0,11205149,2
7932273,0,9375102,0
7932273,0,11566849,1
7932273,0,11221013,5
7932273,0,10908375,1
6428488,1,2901002,1
6428488,1,12289098,2
12026054,0,5703092,0
12331436,0,11503139,0
7930571,0,6881240,0
7930571,0,8034914,0
10262731,0,2901002,1
578204,1,2901002,1
578204,1,4876561,0
11322052,2,11985376,0
11322052,2,7964527,0
11964370,1,11301900,0
11964370,1,8143615,-1
11964370,1,5335066,0
8201945,0,9544516,0
1692468,0,8084805,1
10885275,1,2901002,1
11776529,2,8708364,0
11776529,2,7964527,0
7149485,2,2901002,1
10537172,1,7964527,0
11227308,2,7388477,1
11227308,2,11227308,2
9869695,2,1353723,0
9869695,2,2901002,1
12134565,0,10818128,1
12134565,0,9081267,1
12281253,2,11842941,0
11322052,2,10828043,3
6043544,0,3348264,1
6043544,0,4238408,2
11956484,0,3185459,0
3270244,2,2901002,1
9834122,1,4238408,2
9834122,1,8708364,0
10896502,-1,953482,1
12292032,2,6359622,0
12277274,0,10551138,0
12277274,0,12081954,0
12277274,0,10551138,0
12287234,2,4492008,0
12287234,2,7431860,1
10719369,2,7380779,1
2293224,0,8188139,0
6043544,0,2592393,1
12288754,0,3633891,0
12288754,0,9184784,1
11744685,1,7013419,0
9161067,3,5120049,0
9161067,3,12276720,0
3130747,2,2901002,1
989185,0,4098013,0
10580461,1,1428102,1
5868293,0,4001592,2
5868293,0,2411802,1
5868293,0,7964527,0
3431964,1,8305660,0
3431964,1,6925185,0
3431964,1,4909087,5
5868293,0,2901002,1
4876561,0,11232091,0
4876561,0,9284423,3
6043544,0,9375102,0
10081864,0,4669778,0
2526657,47,2411802,1
2526657,47,4590385,1
2526657,47,7273237,32
1243255,1,8208006,1
1243255,1,4238408,2
1243255,1,2535611,1
5868293,0,5811078,2
11246230,0,2700072,4
1497720,1,8538536,0
1497720,1,6893963,0
8820330,0,9377366,4
12249994,1,11884237,0
1497720,1,2411802,1
1497720,1,7340317,1
1497720,1,7340317,1
9578831,0,8973620,1
9578831,0,9728163,2
12242218,1,8805315,0
3284746,1,11051292,0
3284746,1,6321559,0
12229568,1,9284423,3
2293224,0,10189214,0
2293224,0,11884237,0
2293224,0,6901690,0
6903126,0,10189214,0
6903126,0,9284423,3
6903126,0,532312,1
12224105,1,9150294,-2
12224105,1,12023442,0
10636733,0,9641680,0
10636733,0,1838257,1
10636733,0,10418812,0
8650115,0,2901002,1
10896502,-1,10189214,0
1928522,1,2538939,0
9848572,1,2901002,1
5868293,0,2901002,1
11841670,0,532312,1
11841670,0,1927583,0
3146365,1,11884237,0
1497720,1,11884237,0
1497720,1,2851685,2
1497720,1,10189214,0
1497720,1,9081267,1
1497720,1,4238408,2
1497720,1,9081267,1
10464003,0,2205969,0
10464003,0,2851685,2
11956484,0,12096012,1
11956484,0,11643870,2
11956484,0,11884237,0
11956484,0,11897007,0
9408112,0,9874393,1
9408112,0,4527988,0
8335171,0,9872839,0
12196221,-1,5908433,0
9629771,1,2901002,1
11956484,0,4939844,0
2264225,3,3281978,0
2264225,3,5741205,0
2119941,1,4238408,2
2119941,1,2411802,1
1497720,1,4238408,2
1497720,1,2205969,0
10491430,0,6361531,2
1497720,1,4238408,2
5152914,3,4001592,2
5152914,3,7505395,2
5152914,3,7964527,0
11822295,-1,3944322,2
11822295,-1,11884237,0
11822295,-1,10418812,0
12140563,0,6098068,1
12140563,0,8366805,0
12177976,0,11897007,0
1497720,1,9020163,0
1497720,1,4333359,3
1497720,1,9227188,0
1497720,1,11219825,-1
11058050,-1,5828160,0
6343355,1,2901002,1
6343355,1,10128550,0
1876739,2,3279716,1
1876739,2,2901002,1
9940344,0,2901002,1
490507,24,10231630,13
490507,24,3935325,4
490507,24,4854591,11
5487719,0,7954504,3
11653862,0,8263801,2
7758804,2,4323,2
593450,0,1011724,0
12161849,0,3257992,0
6238676,1,3944322,2
6238676,1,2538939,0
1876739,2,8468264,4
1876739,2,11884237,0
1876739,2,7964527,0
11956484,0,9302488,0
11956484,0,12159691,0
11956484,0,3185459,0
11956484,0,7964527,0
12156660,0,7964527,0
7173956,0,12152061,1
10383617,-2,7964527,0
10383617,-2,2535611,1
11956484,0,5152563,1
11956484,0,10189214,0
11956484,0,4333359,3
11956484,0,4238408,2
5443574,1,5996972,3
8684435,2,9302488,0
8684435,2,5966042,0
8684435,2,3444175,2
9310528,1,9274732,1
334757,7,7954504,3
11956484,0,2851685,2
10136912,0,4238408,2
946137,0,2970853,0
5183031,3,3185459,0
5183031,3,11452713,2
5183031,3,11884237,0
12134565,0,3866678,0
11221612,2,6417219,0
11221612,2,6668254,0
11221612,2,11403935,0
11221612,2,2901002,1
11221612,2,7932273,0
4526288,2,5470573,1
4526288,2,9840637,2
4526288,2,11897007,0
4526288,2,2538939,0
11653862,0,2901002,1
11653862,0,4286590,0
11653862,0,8300135,3
4559989,-1,1755108,2
6083404,1,9728885,2
11653862,0,2901002,1
10800593,1,2851685,2
10800593,1,2901002,1
946137,0,3866678,0
946137,0,10286430,0
11841670,0,2901002,1
946137,0,2901002,1
11529732,1,9375102,0
11198558,0,3187537,0
11165978,4,2851685,2
11165978,4,3545273,0
11165978,4,8244247,0
6800041,0,10315062,0
11853632,0,8300135,3
10443658,0,6348485,0
11135962,0,12076271,1
11135962,0,1999585,1
10458370,0,11884237,0
10458370,0,7964527,0
12063840,0,12063840,0
12063840,0,10397364,1
5231224,1,2901002,1
10443658,0,9840637,2
10443658,0,4238408,2
5212614,2,11037648,3
5212614,2,2336654,7
439621,2,2901002,1
439621,2,7697652,0
11463582,0,11832127,0
11911984,1,6925185,0
11911984,1,2198210,2
1139541,0,11610186,0
3130747,2,3130747,2
8266189,0,1453822,1
9389773,1,2901002,1
9389773,1,9389773,1
8484261,0,8380272,0
10157833,2,7093741,1
11753555,0,6477565,3
11753555,0,2901002,1
11753555,0,5770501,3
10552640,1,1453822,1
5487719,0,4238408,2
3058703,1,1792467,0
3058703,1,9698684,1
10450242,1,11063448,0
12024038,2,2901002,1
10611339,1,2901002,1
9727789,0,9302488,0
9727789,0,554436,0
10552640,1,3483203,2
10552640,1,100297,1
10552640,1,12015722,0
10552640,1,9463227,3
10552640,1,7964527,0
11833086,1,2538939,0
6210239,0,6210239,0
9389773,1,11884237,0
9389773,1,4238408,2
9389773,1,2851685,2
9389773,1,11232091,0
5487719,0,10418812,0
5487719,0,10426037,2
5487719,0,7964527,0
11948485,1,7204688,0
11948485,1,67579,1
11948485,1,11932640,-1
11783776,0,943978,1
11783776,0,7964527,0
10694466,0,2796875,0
10694466,0,1966723,0
10694466,0,9299259,-5
10537237,0,11051292,0
10537237,0,6104959,0
10537237,0,11990697,1
10537237,0,3911355,0
12028888,1,2901002,1
5487719,0,11872364,0
5487719,0,10722934,0
5487719,0,11232091,0
12005616,0,5266708,0
5703997,0,1855988,1
9378830,0,6517513,1
12024595,0,4396243,1
6589617,2,2336654,7
6589617,2,4333359,3
12018686,0,10275246,0
12018686,0,7136195,0
3767239,1,3767239,1
3767239,1,7964527,0
3180386,3,2901002,1
9431573,0,11884237,0
9378830,0,1651543,2
9837354,1,9209546,3
11970440,0,6925185,0
11970440,0,11610186,0
11970440,0,4674445,1
11053294,-1,3944322,2
11908896,-1,11908896,-1
11908896,-1,6893256,0
9431573,0,3161575,0
9431573,0,3185459,0
4526288,2,5847854,2
12000031,0,1139196,1
10803986,1,10713992,0
10803986,1,8380272,0
3871499,-1,10791931,0
3871499,-1,8544123,0
7422143,0,532312,1
1228481,1,2901002,1
415088,0,10655111,0
9431573,0,2535611,1
4150078,2,7420056,1
4150078,2,532312,1
4150078,2,8123710,2
11956484,0,2901002,1
11956484,0,9081267,1
9580869,0,10734200,2
4347859,2,1752959,1
10829044,1,9698684,1
11958749,5,7758804,2
10808871,0,10818128,1
7535670,1,7031759,0
7535670,1,9840637,2
11977590,2,11779238,2
11977590,2,10713992,0
11977590,2,9698684,1
11977677,0,3836843,0
9283026,1,3704368,0
9283026,1,11945002,0
9283026,1,2901002,1
10647332,2,7758804,2
8266189,0,11747861,1
7353600,1,6361531,2
11872426,0,7388477,1
11580723,2,11969592,0
11580723,2,8708364,0
5703997,0,2592393,1
5703997,0,10740966,2
8359767,0,9698684,1
11956484,0,3462681,0
11956484,0,11498682,0
11135962,0,2901002,1
11135962,0,10124054,0
11884542,-4,3763302,1
10770660,4,2901002,1
415088,0,9840637,2
415088,0,4286590,0
415088,0,3742686,1
415088,0,1651543,2
9644362,1,5833590,1
2022284,2,9274732,1
11934674,2,9840637,2
11951151,0,11947068,0
11951151,0,11945002,0
7505228,2,2901002,1
8958254,2,11492024,1
8958254,2,2901002,1
9644362,1,7964527,0
11053294,-1,7964527,0
11053294,-1,2535611,1
7517610,0,10189214,0
7517610,0,2535611,1
2658898,0,2741091,2
2658898,0,3715974,0
11946630,2,11535376,0
8339485,-2,51685,3
5250909,0,2703401,1
5250909,0,8733066,0
5250909,0,10713992,0
11945555,3,2901002,1
6664990,5,7333883,5
6664990,5,7295157,6
6664990,5,6361531,2
11941800,1,4909087,5
11939521,-1,11864134,0
11939521,-1,6512253,1
11810737,1,9025861,1
5328289,0,2538939,0
5703997,0,10837503,2
1033606,0,2947378,1
11723688,0,632227,0
3993270,0,10996274,0
11639342,0,11633355,0
2493856,0,7903159,0
2493856,0,11832127,0
11928649,0,10067043,0
10018602,0,11884237,0
11456979,1,2901002,1
11456979,1,1311943,0
8821584,0,5282702,1
8821584,0,2631973,0
8821584,0,5507529,0
8382707,2,4333359,3
11729738,2,10837503,2
11729738,2,2535611,1
11729738,2,9609447,2
10407737,-1,5282702,1
10407737,-1,8544123,0
11853632,0,2901002,1
11853632,0,7964527,0
11139350,1,2901002,1
11463582,0,11605063,0
8446738,1,6361531,2
9585960,0,4333359,3
9585960,0,10140310,2
8301072,0,7964527,0
11639969,1,3483203,2
11601034,0,11607986,3
9083355,0,7964527,0
4160251,0,7714279,0
11871120,5,3483203,2
11871120,5,10067043,0
1033606,0,2901002,1
11905726,0,4342169,0
7728410,1,10837503,2
2485873,1,1219295,1
3631440,0,4585963,1
11880185,0,11607986,3
11173141,1,9081267,1
5055891,0,4354477,2
5072692,0,2535611,1
4996042,0,6361531,2
7954504,3,7964527,0
7954504,3,11470719,1
7954504,3,3515631,3
10808871,0,6925185,0
10808871,0,10885502,0
10808871,0,2667536,0
10808871,0,2901002,1
11816060,2,2901002,1
3656142,0,4390160,2
1536343,2,7964527,0
11600655,1,9375102,0
5868293,0,7964527,0
5868293,0,2901002,1
5868293,0,3483203,2
5868293,0,11205149,2
5868293,0,2901002,1
3058703,1,7964527,0
3058703,1,9099959,1
3058703,1,2901002,1
11878746,0,1592364,1
11878337,0,1592364,1
667355,0,5025009,3
11430761,2,10197418,0
11430761,2,7149485,2
11463582,0,9840637,2
11463582,0,2901002,1
4996042,0,1422451,0
4996042,0,10442615,1
667355,0,11849973,1
667355,0,6393053,3
667355,0,6440173,3
10632473,0,8116223,0
10632473,0,11553043,0
10632473,0,10632473,0
10632473,0,7093741,1
2598316,-1,6200416,1
667355,0,11607986,3
11816060,2,1803908,1
11816060,2,2901002,1
10018602,0,10295265,1
11359253,0,6361531,2
11359253,0,4333359,3
11463582,0,6925185,0
11463582,0,6361531,2
11846355,1,10239974,0
9161607,2,3944322,2
9161607,2,2336654,7
11737596,2,3876609,-1
11737596,2,5114164,1
11737596,2,11607986,3
5124600,0,11170205,1
11851719,0,10295265,1
9822593,0,9822593,0
9822593,0,9822593,0
9822593,0,10426037,2
11848326,2,10732232,2
11848326,2,8285811,0
11848326,2,11607986,3
11848326,2,7480460,0
6843546,0,11470719,1
6843546,0,7964527,0
8915326,4,7388477,1
8915326,4,2538939,0
11842999,3,2538939,0
11842999,3,10239974,0
10537172,1,5704863,1
10537172,1,11832001,0
5868293,0,9081267,1
11793041,0,2901002,1
11793041,0,2538939,0
11793041,0,423926,0
8076217,0,7964527,0
8076217,0,2535611,1
11838431,1,7988497,0
11838431,1,4895877,2
7039652,0,6770704,0
11836102,0,1592364,1
10728472,0,11607986,3
10728472,0,9840637,2
10704050,1,9840637,2
10704050,1,11607986,3
11723147,1,6361531,2
11723147,1,11205149,2
10473393,1,10473393,1
9144386,1,9840637,2
10018602,0,10018602,0
808946,-2,4337867,1
8150532,4,11205149,2
8150532,4,7175713,2
8150532,4,3545273,0
8150532,4,11669446,2
8150532,4,10201580,8
11049287,0,6925185,0
11822211,1,1628053,0
11740957,1,2535611,1
2679225,1,4238408,2
11113048,1,7388477,1
11773938,2,9840637,2
11773938,2,11607986,3
3249399,0,10997663,0
3249399,0,8094885,1
10906075,0,2988730,0
1479974,2,11797812,3
10329877,1,2901002,1
11027302,0,6941400,0
1750612,0,7711899,0
3689085,1,11607986,3
3689085,1,6512253,1
10808871,0,6858244,4
10808871,0,4245112,1
10808871,0,1753932,0
10808871,0,11643825,0
11783204,-1,6512253,1
11781149,1,8874696,0
11781149,1,11607986,3
7691211,0,6695849,2
7691211,0,7776603,2
10750517,1,11489387,1
10750517,1,10734525,3
4390183,0,6265630,0
4390183,0,10189214,0
11665508,1,11665508,1
3552144,0,7964527,0
7420623,2,785673,0
7420623,2,5705476,0
9921453,0,11237863,0
9921453,0,7913251,0
9921453,0,9698684,1
8700970,1,6222977,0
8700970,1,2901002,1
2401532,-5,6573902,2
10375196,0,9840637,2
5212614,2,2535611,1
5212614,2,7471822,0
5813071,3,4238408,2
2480410,1,11557974,0
2480410,1,5052365,1
11027302,0,8708364,0
11027302,0,2901002,1
11741662,1,8708364,0
4058737,3,9497687,1
4058737,3,4304456,1
4058737,3,2255198,0
11027302,0,2901002,1
11196704,1,2901002,1
10644025,4,8094885,1
10644025,4,7964527,0
10631079,2,3483203,2
4972716,7,1910242,4
4972716,7,704848,7
9940344,0,11747121,0
9940344,0,11426718,0
9940344,0,10201580,8
9940344,0,8353711,0
9940344,0,8320861,1
9940344,0,7664524,0
11463582,0,7604642,0
5868293,0,11747861,1
5868293,0,2901002,1
11518140,1,7988497,0
3143203,1,8123710,2
3143203,1,11051292,0
3143203,1,2901002,1
9195301,1,4909087,5
5864214,-1,6925185,0
9863261,2,9716278,0
9863261,2,2901002,1
9944937,1,4238408,2
6896310,0,3412660,3
6896310,0,4238408,2
11181726,1,6361531,2
11181726,1,5776838,2
9099959,1,9840637,2
9497926,1,9497926,1
10018602,0,1832058,1
11600323,1,2336654,7
11600323,1,9081267,1
11600323,1,9840637,2
11600323,1,4238408,2
6759267,0,11051292,0
6759267,0,6361531,2
11731242,0,11051292,0
11729738,2,3545273,0
11729738,2,11730027,0
11729738,2,11607986,3
11727943,0,10722934,0
4829258,3,6779307,5
9161607,2,2411802,1
583464,-1,9452151,1
10808871,0,3545273,0
10808871,0,8708364,0
270326,1,9609447,2
11135962,0,4238408,2
11565807,0,10942935,0
11565807,0,2901002,1
11565807,0,8708364,0
7462615,6,9081395,8
7462615,6,11032232,-1
8346493,2,4909087,5
9099959,1,10201580,8
11312863,2,8121719,1
11075330,0,3228542,1
11075330,0,532312,1
9099959,1,3190076,1
9099959,1,4551984,0
9099959,1,9754169,1
11688141,0,7388477,1
11688141,0,10589070,0
1761521,1,10041823,0
1761521,1,9081267,1
9561497,0,2901002,1
6436846,-1,6265630,0
6436846,-1,10589070,0
2168400,0,8624538,1
5967886,2,4909087,5
5967886,2,7964527,0
9024698,0,2901002,1
9024698,0,11341077,0
9024698,0,10041823,0
11312863,2,8121719,1
11666502,0,4338000,0
11666502,0,5825760,0
5212614,2,699305,4
5212614,2,4833056,0
3811918,1,2901002,1
7547586,0,10041225,2
7547586,0,9026523,0
11312863,2,8121719,1
11312863,2,11523400,1
6140832,3,10521959,0
6140832,3,10189214,0
6140832,3,3483203,2
2242044,1,6570888,0
2242044,1,7835267,3
2242044,1,8313460,0
11228769,0,7964527,0
8993099,0,10325516,0
8993099,0,3476346,2
9799540,1,2901002,1
866364,2,4909087,5
866364,2,7964527,0
9024698,0,8123710,2
9024698,0,2901002,1
11650891,1,5120049,0
10895812,4,4909087,5
6043544,0,1422451,0
576448,0,576448,0
4746684,1,2901002,1
9895978,-2,7117003,1
11611758,1,5502866,0
11611758,1,9311083,1
11611758,1,11631496,0
7932273,0,4909087,5
11633760,0,6511941,3
11633760,0,10033286,0
2091230,4,9200529,1
2091230,4,1692260,4
2091230,4,2091230,4
10396157,1,2319771,0
10396157,1,5847854,2
4701426,1,8121719,1
4701426,1,10157759,2
4701426,1,7964527,0
3848207,0,9511702,2
3848207,0,7932273,0
3848207,0,2137255,2
11600098,0,11600098,0
11600098,0,9081267,1
292291,0,11015427,0
292291,0,11592102,1
11623512,1,2997855,1
11616334,3,2535611,1
11616334,3,7964527,0
11616334,3,4909087,5
9024698,0,2336654,7
9024698,0,9024698,0
11196704,1,2901002,1
11600963,0,7131499,1
11600963,0,10888655,1
11600963,0,3545273,0
11600963,0,10157759,2
11196704,1,8008776,0
1768419,2,2901002,1
1768419,2,8708364,0
10539466,0,5331834,1
10539466,0,5359002,1
7535419,0,7964527,0
11451039,3,3717658,0
11451039,3,4238408,2
11451039,3,10067043,0
11451039,3,7371893,0
11451039,3,3806464,0
8791503,0,4238408,2
8791503,0,10331864,0
8791503,0,7964527,0
11600963,0,3474452,0
11135962,0,9840637,2
11091145,1,2901002,1
5868293,0,2901002,1
11247027,3,11247027,3
11247027,3,11486681,0
8212173,1,2901002,1
11451522,1,7867968,0
4133063,21,2032994,4
4133063,21,9529048,14
4133063,21,1237531,23
7469605,9,9360135,1
7469605,9,4686625,14
4982782,0,5811078,2
11588430,0,7964527,0
11585893,-1,2284490,2
11523244,0,4238408,2
9024698,0,4238408,2
9024698,0,9840637,2
11135962,0,785673,0
11135962,0,11492024,1
7535419,0,7535419,0
7535419,0,1240268,1
4375983,-1,10286422,1
8579587,1,10041823,0
5868293,0,2901002,1
5868293,0,8123710,2
5868293,0,9840637,2
5868293,0,532312,1
5868293,0,2901002,1
3116753,3,7964527,0
3116753,3,10189214,0
3116753,3,8708364,0
3116753,3,8008776,0
11135962,0,7964527,0
4526288,2,9840637,2
10396157,1,103254,0
10267489,2,10836685,1
10267489,2,9081267,1
10267489,2,103254,0
8051444,-2,6926444,1
11337707,2,883431,1
11337707,2,8761414,1
9978457,1,2901002,1
9431573,0,7392741,0
9431573,0,9081267,1
9431573,0,5197270,0
11334842,1,6063482,0
11334842,1,2901002,1
11334842,1,8353711,0
10603191,1,9840637,2
10603191,1,10620028,5
8809326,1,3545273,0
6796805,0,4133641,2
11325655,0,7835267,3
11325655,0,10620028,5
8359315,0,4985733,1
8359315,0,7703958,0
8359315,0,8557832,1
8359315,0,9840637,2
9218680,0,8353711,0
2634219,0,2634219,0
2634219,0,4238408,2
7462428,0,10925936,1
7371506,0,9081267,1
7371506,0,6484158,2
6571327,0,7388477,1
11525372,2,7964527,0
7988497,0,7964527,0
7988497,0,7988497,0
6590393,2,9081267,1
5525619,2,2901002,1
5525619,2,10521959,0
5525619,2,4981721,2
5525619,2,2901002,1
11390915,-4,10077617,0
10743315,-1,10826178,0
10743315,-1,2901002,1
5868293,0,2901002,1
5017586,2,6282576,2
11313583,3,2336654,7
10428539,2,10189214,0
10428539,2,6282576,2
10428539,2,10330386,1
11446382,0,11476249,0
11446382,0,1762211,2
6555335,0,2901002,1
6555335,0,4238408,2
10728472,0,7964527,0
10603191,1,7964527,0
10603191,1,3483203,2
10603191,1,4238408,2
10603191,1,1481986,3
5806136,0,1240268,1
10728472,0,7236077,0
10728472,0,7093741,1
10728472,0,9165263,1
3277133,1,2336654,7
3277133,1,2535611,1
3277133,1,2901002,1
11278044,0,11278044,0
8578231,2,10419999,1
8578231,2,5950399,0
8578231,2,2901002,1
9940760,2,8708364,0
9940760,2,2901002,1
10391795,0,6761181,0
11500955,0,4238408,2
11500955,0,10302056,-4
11500955,0,8347081,0
8303150,2,9081267,1
8303150,2,10113401,1
8303150,2,7964527,0
6825505,-3,9081267,1
9670056,2,9534184,2
9670056,2,2901002,1
10728472,0,9237823,0
10728472,0,7964527,0
11492682,1,2901002,1
11491403,1,9758660,1
5565466,1,2901002,1
10164637,2,7964527,0
10164637,2,2535611,1
3512709,1,7964527,0
8290376,-4,6361531,2
8290376,-4,6342575,2
11451039,3,1491895,1
11470433,1,2901002,1
11135962,0,9551447,1
5849427,2,1939996,1
5849427,2,9698684,1
5849427,2,4238408,2
2085438,1,3444923,1
2085438,1,9534184,2
11446190,0,4125116,1
9994064,2,2901002,1
9994064,2,1695172,0
6672579,1,5154274,0
6672579,1,9081267,1
8479852,1,10189214,0
11308135,1,2336654,7
10100724,0,9324678,0
8207612,0,10419999,1
6032016,0,2214597,1
6032016,0,9840637,2
8091097,0,9324678,0
8207612,0,6792743,0
8207612,0,2336654,7
8207612,0,9698684,1
8207612,0,4125116,1
8207612,0,4238408,2
9875052,-1,532312,1
7440802,1,7440802,1
7440802,1,11416991,0
11439233,1,10010216,0
11439233,1,11363596,1
7004463,0,7004463,0
11035965,0,9537244,1
7422943,1,7422943,1
7422943,1,7422943,1
4278999,0,9537244,1
8507982,2,5069029,1
8507982,2,9081267,1
11082866,0,2901002,1
11135962,0,6272103,0
11135962,0,10201580,8
11135962,0,6422477,3
6941823,1,6561949,0
4481339,1,2901002,1
10117868,1,2901002,1
7932273,0,2901002,1
3448011,1,7964527,0
4430536,0,6047722,1
4430536,0,10005592,1
9925225,0,5496433,0
9925225,0,7388477,1
9925225,0,9925225,0
9947248,1,6883295,0
9947248,1,7456718,0
8361728,1,7896849,0
8361728,1,7932273,0
9995030,1,11359504,0
11131369,0,8146556,0
5520027,1,2842758,3
5520027,1,5150942,1
7930571,0,51685,3
11396296,2,3483203,2
11396296,2,6287308,2
11396296,2,7964527,0
3448011,1,10286422,1
3448011,1,5847854,2
3448011,1,9081267,1
11386089,2,5032941,0
9988582,1,7964527,0
11031361,1,4932316,2
11031361,1,10307576,0
11031361,1,3483203,2
11031361,1,7964527,0
331174,2,4125116,1
331174,2,11015427,0
331174,2,4238408,2
331174,2,2535611,1
9988582,1,9081267,1
9718282,3,11390041,0
9718282,3,6029105,0
9718282,3,827391,1
9718282,3,1240268,1
156531,2,7964527,0
156531,2,7917887,1
156531,2,2901002,1
9452512,0,6361531,2
4494842,5,9081267,1
4494842,5,7964527,0
11383307,4,10201580,8
208127,1,7964527,0
208127,1,4909087,5
208127,1,1252759,3
11381682,0,7964527,0
11343149,0,10758169,0
11343149,0,7964527,0
7932273,0,2901002,1
7932273,0,9698684,1
7932273,0,4110614,2
7932273,0,7093741,1
10797986,2,8708364,0
10797986,2,2901002,1
10865832,3,10878688,2
10865832,3,11015427,0
8150532,4,10589070,0
11135962,0,4333359,3
4150078,2,3545273,0
4150078,2,10189214,0
4150078,2,7388477,1
11031361,1,5094841,1
11031361,1,5853611,2
11031361,1,10201580,8
11218700,3,10201580,8
11218700,3,2901002,1
11218700,3,8708364,0
11218700,3,6764113,1
11218700,3,1397946,1
2091169,0,2091169,0
2091169,0,7964527,0
9988582,1,10366273,2
9988582,1,9988582,1
11322649,3,4248842,1
5868293,0,5868293,0
4338000,0,4238408,2
4338000,0,9081267,1
11065684,0,794539,2
8797830,1,11255447,1
9927054,0,7964527,0
9927054,0,4333359,3
9927054,0,4125116,1
6920946,2,2336654,7
6920946,2,7964527,0
9580899,1,7964527,0
6621793,1,7117003,1
6621793,1,6506309,1
11338673,0,9028333,0
11338673,0,8599834,0
439621,2,8874696,0
439621,2,2901002,1
9988582,1,9081267,1
4150078,2,3279716,1
6302061,3,2901002,1
8749168,2,4703367,0
8749168,2,4983450,4
8749168,2,4870005,0
8749168,2,1240268,1
11330653,0,9081267,1
11330653,0,11035597,0
4004863,0,5173426,2
4004863,0,10007115,1
11200570,4,11015427,0
11322629,1,10002343,-4
4288043,6,2901002,1
11322629,1,2901002,1
11322629,1,11323870,2
11322629,1,8144553,1
11322629,1,10002343,-4
6480757,0,9081267,1
4004863,0,1240268,1
684004,1,6256482,1
684004,1,7964527,0
7247715,-1,1499803,2
7247715,-1,2832011,1
5212614,2,10119199,2
5212614,2,4333359,3
5212614,2,7964527,0
9666094,0,9032932,0
9666094,0,9666094,0
5212614,2,6792471,2
7313804,-1,9214517,1
7313804,-1,2255198,0
7081275,0,6625815,1
7081275,0,7964527,0
10193760,0,11255365,2
439621,2,2901002,1
9758660,1,2901002,1
439621,2,2901002,1
9988582,1,4238408,2
9988582,1,4518388,1
9988582,1,7671519,0
6744260,0,6652751,1
7658885,0,7964527,0
7658885,0,6755649,0
11246230,0,3545273,0
8791503,0,7964527,0
11300648,0,10991314,0
11300648,0,4333359,3
11300648,0,10868996,0
5170800,1,2901002,1
5170800,1,10337630,0
10419999,1,2901002,1
11271281,0,2825570,0
11271281,0,8926720,0
11135962,0,2901002,1
10602316,4,2901002,1
10602316,4,7932273,0
6799378,0,2421817,1
6493355,1,9324678,0
4804608,0,11137576,1
9335777,6,5858851,1
9335777,6,4909087,5
9284675,0,7725670,0
6239923,1,6792743,0
6239923,1,9512152,-5
6239923,1,4333359,3
6239923,1,10799544,0
3584680,0,6792743,0
11224526,1,7932273,0
9288752,2,4909087,5
9288752,2,9840637,2
11261273,1,9524722,0
11261273,1,8431111,0
6239923,1,4909087,5
9933449,1,6615163,1
9933449,1,6031995,1
9933449,1,9510729,1
9933449,1,11076781,1
4004863,0,4004863,0
4004863,0,3545273,0
4004863,0,9803111,0
9933449,1,6287308,2
9933449,1,2901002,1
10115186,0,10964685,1
10813833,0,10813833,0
6799378,0,7964527,0
9940782,2,4909087,5
11174424,2,7964527,0
11174424,2,9081267,1
11174424,2,4909087,5
5375274,0,7053679,1
7932273,0,9840637,2
7932273,0,9976846,1
7932273,0,8123710,2
7932273,0,2958943,1
8359315,0,423926,0
11241169,-1,6349838,1
7881599,0,6361531,2
7881599,0,5238915,0
7881599,0,3735873,1
8244932,1,2901002,1
10133689,1,2901002,1
9757927,2,8208006,1
9757927,2,2570261,1
5375274,0,8123710,2
5375274,0,11015427,0
10029062,5,7237062,4
10029062,5,3284713,1
10029062,5,9803111,0
10029062,5,3967578,0
10029062,5,6797250,0
8901292,0,9840637,2
9758660,1,6287308,2
9758660,1,4333359,3
5322660,0,8410622,3
5322660,0,5322660,0
9142709,0,2864250,1
10970478,0,1762211,2
10970478,0,6881240,0
7938217,3,7938217,3
11111792,3,7077050,1
11111792,3,3483203,2
8212173,1,9512152,-5
8212173,1,2901002,1
439621,2,2901002,1
439621,2,8228558,1
8219251,-1,4550141,0
8219251,-1,6220759,0
8219251,-1,8111755,1
9806377,1,1294386,1
9806377,1,4278403,1
10443817,1,8970054,1
10443817,1,1831706,0
9271965,0,4673475,0
2308722,0,10895207,2
2308722,0,2901002,1
11210589,0,9803111,0
11210589,0,4333359,3
4150078,2,11161774,0
4150078,2,7964527,0
4150078,2,3711940,0
4150078,2,6779307,5
4150078,2,11180560,0
11109146,0,2901002,1
11109146,0,4909087,5
10029062,5,7812912,2
7671519,0,2901002,1
10854520,1,2901002,1
10494720,-4,10964685,1
6414747,1,7505395,2
6414747,1,7964527,0
2938496,1,9108239,1
4948889,3,7671519,0
4948889,3,6792743,0
4948889,3,9698684,1
4948889,3,6286540,1
4948889,3,2901002,1
7590993,2,4819353,5
7590993,2,1782792,6
11173141,1,9081267,1
10719369,2,9698684,1
10719369,2,8727339,0
9936834,0,5847854,2
11132325,1,10201580,8
11132325,1,10712188,1
6674648,0,6674648,0
6674648,0,7237997,1
11171453,1,9742036,1
3096094,1,7053679,1
3096094,1,7053679,1
4526288,2,5855649,1
4526288,2,9177877,2
1839946,3,4909087,5
10791231,1,9698684,1
9518098,0,10142285,0
8060611,0,11150801,0
11148219,0,2695448,-1
11146521,-2,2901002,1
9919507,0,11141229,0
687739,3,8052902,4
8051444,-2,2901002,1
8526986,1,2901002,1
8526986,1,4593642,0
8526986,1,2901002,1
8051444,-2,2901002,1
5565466,1,9362747,3
5610840,-2,3538107,0
10209499,3,7964527,0
10209499,3,2336654,7
10209499,3,4909087,5
4150078,2,10728920,1
9281012,1,5304366,0
4808588,2,5368599,2
4808588,2,11058247,0
8846998,1,366553,0
8846998,1,8846998,1
8795734,1,2901002,1
11100832,0,10734525,3
10230456,2,5692012,1
8417039,1,2901002,1
8526986,1,4323,2
11025776,1,7093741,1
11025776,1,221794,0
3524158,2,1168212,0
2110805,4,7077050,1
2006697,2,9067615,1
2006697,2,10089195,1
4436803,0,4490749,1
2293224,0,6942527,4
3403590,0,7318615,0
4701426,1,9960182,0
4701426,1,2901002,1
2716095,-1,9129474,1
2716095,-1,11035063,1
10755534,0,11021886,1
2198720,1,748858,6
1334657,2,2901002,1
11053304,0,7077050,1
8389470,-1,6220759,0
2006598,0,3545273,0
9677043,4,9380597,1
5431734,1,2901002,1
5431734,1,9462009,1
5847425,11,4075155,3
5847425,11,8899386,0
5847425,11,8453690,6
7158436,2,5496433,0
7158436,2,6942527,4
7158436,2,9698684,1
7637930,2,6177877,0
7637930,2,4492932,3
9371703,1,3021415,0
9371703,1,10025972,2
6752994,-1,2258013,1
7637930,2,7386332,0
7637930,2,2901002,1
9840637,2,2901002,1
9840637,2,4333359,3
9840637,2,8123710,2
4948889,3,8708364,0
4948889,3,4909087,5
10719369,2,8795073,2
10719369,2,6220759,0
10719369,2,10164573,1
10719369,2,7093741,1
1437138,0,9863207,1
10335144,0,6004983,0
9615917,13,6177877,0
9615917,13,4139744,1
9615917,13,7964527,0
9615917,13,2901002,1
10416218,1,2421817,1
3524158,2,4167945,2
3524158,2,9462829,2
11047864,3,196826,0
927827,2,10888655,1
5868293,0,8120908,1
5868293,0,2695448,-1
5868293,0,7932273,0
5868293,0,4001592,2
11024951,1,10972959,0
11038901,3,9698684,1
11038901,3,2901002,1
11038901,3,9840637,2
3146365,1,7388477,1
3146365,1,2535611,1
8293309,2,11035961,0
8293309,2,4909087,5
6647375,1,4001592,2
1058584,1,1240268,1
4948889,3,2901002,1
4948889,3,7678879,1
2938496,1,4267414,1
2938496,1,4001592,2
501054,0,8953378,1
7852656,0,10998325,0
7852656,0,10998325,0
10719369,2,2901002,1
10719369,2,6361531,2
10719369,2,9840637,2
2717063,1,2901002,1
3088202,1,2901002,1
8727339,0,2084384,5
10985548,-1,4893407,0
7420623,2,9962315,0
7420623,2,3483203,2
7420623,2,2406949,-1
10834788,1,10834788,1
825227,0,11019598,0
825227,0,7165168,1
825227,0,736937,1
2129285,1,11019173,3
2129285,1,4333359,3
5413088,1,2357112,2
9530105,1,9698684,1
9530105,1,9209546,3
10834788,1,5625497,1
10834788,1,6250439,1
11000498,1,5916727,1
10865832,3,9209546,3
7347631,2,190597,2
7759833,0,9209546,3
8160881,1,2901002,1
8160881,1,9869695,2
8051444,-2,10953743,0
8051444,-2,2421817,1
9530105,1,4541412,0
9530105,1,9698684,1
9530105,1,9209546,3
9530105,1,9334238,0
9530105,1,10089328,0
8051444,-2,9209546,3
10429891,1,4194079,1
10429891,1,6220759,0
10429891,1,2825570,0
9177877,2,7964527,0
6525082,0,1391671,2
9530105,1,9209546,3
4436803,0,5647272,0
4436803,0,4785185,9
1305886,0,8628758,2
1305886,0,5162768,0
6083404,1,7964527,0
10603191,1,2901002,1
10791217,0,9865110,0
9111050,0,5820814,1
10719867,1,5916727,1
10719867,1,7964527,0
10719867,1,4565947,3
10964500,1,9209546,3
10964500,1,7964527,0
10883088,0,8628758,2
10422855,3,4684861,1
8211523,1,9209546,3
8211523,1,9840637,2
6162307,2,2901002,1
7932273,0,2901002,1
2504762,0,2535611,1
2504762,0,6817835,0
2504762,0,7964527,0
9800981,2,2901002,1
9800981,2,2702737,0
5939036,0,2901002,1
5939036,0,6063482,0
9228219,0,1505540,0
10913191,0,7141506,1
6865678,2,7227627,0
6865678,2,100297,1
10938654,0,7964527,0
10780075,1,6047722,1
10780075,1,2901002,1
9800981,2,8539533,0
4803521,-1,9177877,2
1696605,1,2901002,1
1696605,1,7093741,1
9530105,1,7223727,3
3685856,18,2937831,12
3685856,18,3685856,18
8222863,0,453475,0
8222863,0,8626601,0
9924147,1,5625497,1
9924147,1,9209546,3
8003817,-1,10862252,1
10067043,0,10067043,0
10067043,0,10852841,0
10067043,0,5374924,0
8727339,0,2901002,1
3796599,0,5552309,0
3796599,0,4431194,0
7932273,0,2901002,1
9512152,-5,5704863,1
9512152,-5,7359176,1
8474517,-1,5704863,1
6699237,0,8547198,0
10831574,-1,5374924,0
1467082,2,2547724,3
7644267,1,10322766,2
4984061,2,10611983,0
4984061,2,7964527,0
10891071,-1,5374924,0
10891071,-1,1168212,0
10335283,2,3407256,1
10335283,2,521776,1
9772551,1,9209546,3
9772551,1,5820814,1
9542954,1,3152047,2
9542954,1,9209546,3
9800981,2,4016285,0
9800981,2,8345749,0
9800981,2,4499795,0
10865832,3,6361531,2
10865832,3,4838587,0
10865832,3,2901002,1
7004463,0,6361531,2
7004463,0,9299259,-5
10865832,3,6361531,2
10801499,0,9108239,1
3116949,1,4238408,2
3116949,1,4001592,2
8741108,1,5510588,-1
10542945,1,6817835,0
10818522,0,6615163,1
10818522,0,9198381,0
10112876,0,2847946,1
10112876,0,9198381,0
10112876,0,9299259,-5
1243255,1,9177877,2
1243255,1,9209546,3
1243255,1,4333359,3
10801499,0,3679377,1
10801499,0,9209546,3
8207612,0,4098013,0
10507187,3,9209546,3
10833061,0,9698684,1
10833061,0,9209546,3
10833061,0,4909087,5
2397318,11,3149277,4
2397318,11,974555,4
2397318,11,2303761,4
2397318,11,2131903,0
6338443,1,2258013,1
5129031,5,9274732,1
5129031,5,7168104,0
10464813,1,4001592,2
10464813,1,5704863,1
9143467,1,6079395,1
9968110,1,7964527,0
10838789,0,1456927,1
5604992,4,4909087,5
9331478,0,3117592,0
10767482,0,4248842,1
10830071,0,7964527,0
10742470,-1,5375464,0
4520017,1,4492932,3
2598876,18,9637318,1
2598876,18,2303761,4
2598876,18,772649,22
10821372,1,1869152,1
10821372,1,6615163,1
10805303,0,5820814,1
4966699,1,4381487,1
4966699,1,4381487,1
5120089,2,10201580,8
5120089,2,2901002,1
5120089,2,9698684,1
10770660,4,5704863,1
10770660,4,9754169,1
10770660,4,9698684,1
7420623,2,9209546,3
8727339,0,8708364,0
8727339,0,2901002,1
2293224,0,7964527,0
10211367,1,9307263,2
10150468,0,5820814,1
10516752,-4,8467973,1
9590712,1,2901002,1
10133689,1,2891152,1
10813833,0,1505540,0
2170140,0,10067173,1
4317794,-2,5516874,0
8791503,0,2891152,1
651174,1,651174,1
651174,1,542190,2
9431057,1,9209546,3
9431057,1,3639023,1
9978457,1,9209546,3
9978457,1,4909087,5
9978457,1,7964527,0
10332687,2,9505737,0
10719867,1,4390160,2
8791503,0,6047722,1
4964409,2,6615163,1
4964409,2,9845763,1
4964409,2,8252763,0
10741532,2,4909087,5
439621,2,6287308,2
439621,2,1212401,0
439621,2,2966617,0
439621,2,4909087,5
10789500,4,2739274,0
10720165,2,9177877,2
4150078,2,4016285,0
4150078,2,9274732,1
4150078,2,7388477,1
2304735,-1,9142590,1
2304735,-1,7752296,0
9775974,0,9775974,0
9840637,2,9512152,-5
9840637,2,3073185,1
3277133,1,5820814,1
1941253,1,5828883,3
10543130,3,7964527,0
9177877,2,4909087,5
3277133,1,5866580,0
3277133,1,7964527,0
3277133,1,4909087,5
5656327,5,7964527,0
5656327,5,4909087,5
9210757,0,9497965,1
9210757,0,4909087,5
10376194,2,7400128,0
10376194,2,9553594,0
10376194,2,3483203,2
10395806,0,10699910,0
6912791,0,7057003,0
6912791,0,4492932,3
9832302,0,9754169,1
6896605,1,10464813,1
5820814,1,2901002,1
5820814,1,2901002,1
5820814,1,4542359,1
5820814,1,3510736,3
8849216,0,6361531,2
3446351,6,4909087,5
2362852,2,2901002,1
596841,4,7964527,0
7420623,2,7420623,2
7420623,2,8046232,0
7420623,2,6109920,0
7000874,-1,7000874,-1
8468264,4,8468264,4
8468264,4,9500059,1
6945824,0,8708364,0
2867882,0,9948827,0
8469518,-1,10687003,2
7644562,3,7964527,0
7644562,3,8046232,0
5820814,1,4800652,1
5820814,1,8708364,0
5820814,1,2901002,1
7058823,1,4909087,5
7058823,1,7964527,0
10582772,-1,541038,0
10582772,-1,8146556,0
4150078,2,10653196,2
4150078,2,3390419,2
4150078,2,3288092,1
5713272,3,10239789,1
5713272,3,2901002,1
5713272,3,4098013,0
5704863,1,190597,2
9760446,2,7964527,0
9747311,2,2901002,1
9747311,2,4198852,0
8335487,5,9209546,3
8335487,5,9698684,1
8335487,5,4684861,1
9467345,1,3483203,2
8335487,5,2540669,1
8335487,5,2570261,1
9177877,2,9209546,3
2782382,0,7964527,0
8335487,5,5820814,1
6540590,1,10719722,0
4150078,2,4001592,2
10512735,1,9209546,3
10512735,1,10239789,1
3277133,1,5960182,0
8080957,1,10717233,1
9773812,1,7964527,0
9773812,1,6031995,1
5453723,9,6154287,0
5453723,9,5465130,0
5453723,9,6147621,5
5453723,9,5453723,9
1155578,0,6671176,2
3277133,1,7964527,0
10655721,0,10655721,0
10655721,0,5736515,0
10339255,0,3254400,1
9590712,1,4703367,0
9590712,1,2298012,1
9590712,1,4843503,2
7166834,1,5720196,0
7166834,1,8727339,0
7166834,1,2901002,1
7166834,1,9698684,1
5071733,1,6845383,1
10395806,0,7141506,1
10395806,0,6345518,1
10395806,0,6154787,1
9933449,1,9209546,3
766708,0,7954504,3
766708,0,7835267,3
766708,0,10633290,3
10395806,0,4279661,1
10096185,-2,8708364,0
10096185,-2,6296473,1
2260344,0,2901002,1
4520274,0,6799297,4
4520274,0,6866811,1
3936294,0,7954504,3
10586136,1,5811078,2
8482467,7,9209546,3
1970751,3,9209546,3
1970751,3,4267414,1
8688154,3,9209546,3
7376796,4,10417489,0
7376796,4,7964527,0
9776699,1,5120049,0
9776699,1,2901002,1
9776699,1,5178905,0
8224364,3,2901002,1
9794732,2,5811078,2
3800761,0,6108661,1
2649064,1,4551984,0
8916344,3,4829258,3
5218354,0,5811078,2
3277133,1,8320861,1
10609992,2,2336654,7
2298012,1,8208006,1
2298012,1,9274732,1
10530575,-1,8146556,0
10530575,-1,2336654,7
7081275,0,5820814,1
7081275,0,8146556,0
9932027,0,3908247,0
9932027,0,8111755,1
7810784,3,1163373,4
10464893,0,3279716,1
10464893,0,9492673,2
10361602,3,2901002,1
3277133,1,7964527,0
3277133,1,6671176,2
1243255,1,6671176,2
9629771,1,4333359,3
9629771,1,7964527,0
3277133,1,7964527,0
10535881,2,7359176,1
10535881,2,8334261,0
10535881,2,7954504,3
3277133,1,67579,1
5071733,1,8111755,1
5071733,1,2027457,1
5071733,1,3650983,1
3277133,1,4801783,0
3277133,1,8643941,2
3277133,1,67579,1
3277133,1,3483203,2
3277133,1,9209546,3
7698116,0,6342812,4
10561031,-3,9108532,0
10561031,-3,8305660,0
10561031,-3,3894543,0
10561031,-3,8146556,0
10561031,-3,5535114,0
10518845,0,2901002,1
9289272,1,3740545,1
613326,1,9799449,0
613326,1,8811397,0
10453850,0,4008392,0
8792365,2,9209546,3
8792365,2,2901002,1
8792365,2,6858244,4
4370943,14,7171976,1
4370943,14,5015569,40
4370943,14,4807458,-3
4984061,2,9948827,0
4984061,2,4025659,1
9466906,1,2901002,1
9466906,1,7505383,2
9629771,1,1766544,3
8167871,0,3254869,1
2397318,11,2535611,1
8636829,-3,7964527,0
8636829,-3,8046232,0
5597304,3,4333359,3
9629771,1,8283047,4
10529316,0,10169453,0
2960173,0,7964527,0
7763266,1,5704863,1
7763266,1,2901002,1
9153261,2,2901002,1
9153261,2,8683073,1
7086487,1,5820814,1
8468264,4,9177877,2
9629771,1,2695448,-1
3448738,1,7473629,1
3448738,1,10020435,-2
9629771,1,9629771,1
6375136,1,5383801,0
6375136,1,9305398,0
9882094,1,10321210,1
8444827,-1,3423035,1
8382707,2,8320861,1
6227378,3,3483203,2
6227378,3,5806755,0
4984061,2,4984061,2
10489612,2,2901002,1
3277133,1,8146556,0
3277133,1,10325516,0
10424268,-1,10255652,0
10424268,-1,3462509,0
10424268,-1,3386063,0
8167593,0,4585713,1
8167593,0,7964527,0
3088202,1,9754169,1
3088202,1,8335344,1
3987860,1,5811078,2
3088202,1,4333359,3
10477783,1,9202873,0
3432888,1,487339,3
3432888,1,7964527,0
3432888,1,3483203,2
10117424,2,4333359,3
10117424,2,3483203,2
10117424,2,6671176,2
10117424,2,3483203,2
10117424,2,9209546,3
681132,12,3877338,4
681132,12,1541036,20
681132,12,5182136,6
10458537,0,6361531,2
8570006,0,5224926,1
7420623,2,7758804,2
8570006,0,4333359,3
7420623,2,6004983,0
3642360,2,6361531,2
10321210,1,4333359,3
10321210,1,2799941,0
10321210,1,9371607,1
10321210,1,6348485,0
10445593,1,2901002,1
3494669,0,8320861,1
1305947,2,5276520,1
9218680,0,3483203,2
6279440,3,6287308,2
6279440,3,3483203,2
6279440,3,6671176,2
6387095,1,7964527,0
6387095,1,4800652,1
3259331,4,381179,3
3259331,4,5741205,0
3259331,4,2336654,7
10095708,0,7835267,3
3277133,1,9209546,3
3277133,1,7964527,0
10133689,1,9218680,0
802589,1,9051284,5
10112876,0,5467038,1
10112876,0,9874393,1
2560244,1,2901002,1
2560244,1,6887528,0
9347860,1,2901002,1
8916162,0,6671176,2
8916162,0,10292474,0
9991654,0,7835267,3
8791503,0,7964527,0
6642287,0,9769953,1
2560244,1,2901002,1
10375012,1,2901002,1
10375012,1,4317058,2
10375012,1,9218680,0
7204030,1,2901002,1
9080252,0,8305660,0
9080252,0,6942527,4
9080252,0,8708364,0
10321210,1,7277561,1
10321210,1,3800761,0
8612523,1,2961541,0
8612523,1,2336654,7
8612523,1,9769953,1
10312635,0,10394826,0
4513726,1,7964527,0
3472679,2,7862558,1
9678643,2,9902740,2
9678643,2,9067271,2
10384413,1,4016674,1
10084965,2,2336654,7
10084965,2,6480402,0
10084965,2,7964527,0
10084965,2,6671176,2
2335020,1,9202873,0
601787,0,2260,1
5709240,-1,8305660,0
5709240,-1,2535611,1
10369881,0,7013576,1
3448738,1,6671176,2
5963678,1,3471881,0
9161067,3,2336654,7
9161067,3,7964527,0
7111382,3,7111382,3
7111382,3,6287308,2
7111382,3,3023116,2
10205020,0,10242229,0
3645735,1,3645735,1
2943311,1,3483203,2
6198903,1,2901002,1
3441488,1,3483203,2
3441488,1,2535611,1
7319366,1,7964527,0
7319366,1,3483203,2
7319366,1,6660373,0
7319366,1,4198852,0
7319366,1,10320838,0
7319366,1,2535611,1
2700041,0,943138,3
887651,1,8404453,2
887651,1,10201580,8
9615917,13,8208006,1
9615917,13,10242229,0
3277133,1,9074332,1
9629753,1,9209546,3
9530972,0,4819376,2
9530972,0,6814154,2
8670757,1,1422451,0
8670757,1,6361531,2
10324442,2,9209546,3
10324442,2,9840637,2
5560898,0,4557382,1
5560898,0,8136350,0
5560898,0,7964527,0
5560898,0,7388477,1
5560898,0,9177877,2
1725377,0,3483203,2
1725377,0,6087502,2
3861199,-1,2901002,1
1725377,0,2535611,1
5724487,-1,7964527,0
5724487,-1,8305660,0
4631379,0,4333359,3
4631379,0,5506894,0
3277133,1,7964527,0
10099689,2,9209546,3
8377782,0,7964527,0
8377782,0,2137255,2
8377782,0,9209546,3
8951220,1,9754169,1
9645702,1,9067615,1
9874096,2,8380272,0
9874096,2,7862558,1
9874096,2,3483203,2
6109920,0,2823755,1
6109920,0,7592064,2
6109920,0,6220759,0
4850343,3,4572274,3
4850343,3,2336654,7
7319366,1,6403976,-1
7319366,1,4098013,0
7319366,1,2901002,1
10112632,0,6321559,0
10112632,0,7964527,0
10112632,0,3793674,1
8364914,3,6671176,2
8364914,3,7964527,0
1725377,0,7964527,0
9118733,0,10284439,0
9118733,0,8320861,1
9118733,0,2137255,2
5560898,0,2336654,7
5560898,0,4909087,5
5560898,0,5224926,1
8203242,1,2336654,7
10112632,0,6671176,2
5560898,0,7964527,0
5560898,0,2336654,7
9493987,1,2715948,0
9493987,1,9493987,1
9493987,1,3859224,0
9493987,1,5224926,1
3880322,0,5115805,0
7134583,0,9209546,3
9524848,1,8749168,2
9524848,1,6849682,0
8705615,1,9754169,1
5560898,0,2285236,6
8705615,1,8146556,0
8705615,1,1773367,2
5560898,0,2695448,-1
5560898,0,7964527,0
5560898,0,5506894,0
8705615,1,1359058,0
8705615,1,9209546,3
8705615,1,6580543,1
10211367,1,4557382,1
10211367,1,7141506,1
10211367,1,3866172,0
10266803,1,9915320,1
10266803,1,8959807,2
6236543,1,7024766,0
6236543,1,2901002,1
5560898,0,3483203,2
5560898,0,6671176,2
5560898,0,2535611,1
4487782,2,8380272,0
4487782,2,4909087,5
4487782,2,2535611,1
4487782,2,487339,3
4487782,2,7964527,0
5560898,0,8380272,0
5560898,0,7964527,0
5560898,0,4909087,5
10230503,0,6353021,0
3277133,1,4333359,3
3277133,1,3483203,2
8542692,0,4819449,2
8542692,0,3639023,1
8542692,0,7964527,0
5560898,0,7964527,0
2493856,0,146073,0
10139745,0,233813,1
10139745,0,5309300,0
9161067,3,8380272,0
9161067,3,3483203,2
5560898,0,7964527,0
7332095,3,4909087,5
7183666,0,478288,1
7183666,0,3800761,0
5560898,0,3483203,2
5560898,0,9003475,2
5560898,0,2901002,1
4150078,2,9209546,3
2493856,0,2925052,1
8364914,3,7964527,0
8364914,3,4909087,5
8878774,0,8878774,0
8878774,0,7252651,1
6311520,12,6195815,1
6311520,12,2901002,1
5426588,2,1252759,3
5426588,2,3483203,2
10245736,1,230454,0
10245736,1,7273886,1
10245736,1,8258902,-1
10245736,1,1252759,3
3277133,1,4909087,5
3277133,1,4909087,5
3277133,1,10232261,0
3277133,1,2701933,0
6220759,0,4867193,2
6220759,0,7013576,1
6220759,0,6631196,1
7319366,1,2901002,1
9341104,1,9341104,1
9341104,1,3483203,2
9341104,1,6552084,0
9341104,1,4585713,1
4172411,4,9209546,3
4172411,4,2901002,1
4172411,4,7964527,0
10112632,0,2901002,1
9919494,-3,3316882,-1
9919494,-3,1532172,0
9919494,-3,17160,1
7518091,2,532312,1
9793589,0,7223727,3
4005417,2,9209546,3
4005417,2,5178905,0
10215211,2,9936763,2
9161067,3,9161067,3
7795084,2,3483203,2
7795084,2,2535611,1
7795084,2,1717828,0
9727789,0,3483203,2
288609,1,3483203,2
288609,1,2535611,1
4727608,0,8380272,0
10206336,2,7579547,1
8791503,0,2535611,1
7518091,2,9461974,0
7518091,2,9413990,1
7518091,2,9937273,2
7489488,0,7847903,0
7489488,0,9067615,1
8683269,0,2901002,1
10174011,0,2136892,0
6296473,1,4098013,0
9923495,1,5916727,1
9814693,2,9209546,3
9814693,2,4909087,5
9500464,2,2535611,1
9500464,2,9209546,3
5661594,5,5299969,3
10179907,-1,9067615,1
10179907,-1,308903,0
10087103,0,9546225,0
10087103,0,2799941,0
7319366,1,6671176,2
7319366,1,10101628,0
3701435,3,2901002,1
7004463,0,7964527,0
8854868,3,2901002,1
8854868,3,9274732,1
10164199,0,2413201,1
10112632,0,797495,1
10112632,0,2136892,0
10112632,0,7964527,0
10112632,0,2314391,0
9754169,1,6361531,2
9754169,1,9435107,1
9754169,1,2695448,-1
9814693,2,6671176,2
9814693,2,7964527,0
9851762,0,5575238,1
7319366,1,2901002,1
4862326,0,2901002,1
7319366,1,2901002,1
7319366,1,2535611,1
5229651,0,9209546,3
7590993,2,4909087,5
7590993,2,4174466,1
8881141,2,9274732,1
10118268,-3,1532460,1
9814693,2,2901002,1
4930767,0,4930767,0
4930767,0,8427263,0
3262260,2,2901002,1
5776061,1,2901002,1
7938217,3,190597,2
7938217,3,7938217,3
5286020,1,7173785,1
3277133,1,9299259,-5
3277133,1,4737952,2
3277133,1,2570261,1
5703997,0,3490320,0
5703997,0,9209546,3
5703997,0,2136892,0
3277133,1,2535611,1
2987780,3,10011003,1
9851762,0,2901002,1
1175276,1,6615163,1
1175276,1,7964527,0
4650297,1,8146556,0
4650297,1,7571052,1
4650297,1,8166632,0
7319366,1,5811078,2
4948889,3,2901002,1
4948889,3,2901002,1
420892,1,2901002,1
1718956,2,4492932,3
10112275,0,7964527,0
7092900,2,2336654,7
2731627,0,2759482,1
4948889,3,7964527,0
4948889,3,9209546,3
4948889,3,7964527,0
4948889,3,704848,7
4948889,3,9209546,3
6944193,1,532312,1
7361872,2,4684861,1
8526986,1,2901002,1
7058823,1,8380272,0
7058823,1,2901002,1
7058823,1,3483203,2
9978457,1,7964527,0
10095849,3,9754169,1
9978457,1,2901002,1
4713504,2,8380272,0
4713504,2,4593127,1
4713504,2,7964527,0
7590993,2,4264155,0
7590993,2,6671176,2
7590993,2,2901002,1
8526986,1,2901002,1
8863651,2,7715811,0
4948889,3,3141704,1
4948889,3,2901002,1
7590993,2,7386332,0
7590993,2,2137255,2
8007037,0,7668911,1
714319,2,7619676,1
714319,2,6361531,2
2520416,2,2901002,1
2520416,2,9209546,3
2520416,2,532312,1
7166834,1,2901002,1
2520416,2,9209546,3
2520416,2,2901002,1
2520416,2,5811078,2
2520416,2,7746365,1
8007037,0,8007037,0
9305523,1,9209546,3
8007037,0,3704368,0
8007037,0,2535611,1
8007037,0,3483203,2
8007037,0,2137255,2
9431057,1,7386332,0
9431057,1,9806717,0
6930275,0,6930275,0
6930275,0,3112049,1
6930275,0,8371811,1
8117146,1,2303761,4
8117146,1,2570261,1
8117146,1,7964527,0
8913334,-3,487339,3
2366975,3,9209546,3
4948889,3,2901002,1
1021602,3,8305660,0
1021602,3,532312,1
1021602,3,9232410,6
8117146,1,2901002,1
8377782,0,2901002,1
4949486,3,2017661,0
4949486,3,5215507,4
4949486,3,7671874,4
10002343,-4,532312,1
7290240,2,4323,2
10022489,0,7964527,0
6571807,-2,8898218,0
9749924,3,7311767,3
5856119,1,8008776,0
2560244,1,1267132,0
2560244,1,9209546,3
4447920,2,2901002,1
4930767,0,5745211,2
10028257,2,6361531,2
6664990,5,9605907,0
9896697,0,9462257,2
9896697,0,10000141,0
9347149,2,5458214,5
6027759,1,2901002,1
6027759,1,6158987,0
9978457,1,9209546,3
9978457,1,6321559,0
4140027,0,7386332,0
4140027,0,7964527,0
7828747,0,9274732,1
6621095,0,2535611,1
9099959,1,9209546,3
9099959,1,10004959,0
9099959,1,2901002,1
6476801,4,3483203,2
6476801,4,6671176,2
7705108,0,1106952,1
7705108,0,8747,3
7705108,0,870281,1
9915008,2,2336654,7
9915008,2,9609447,2
6328506,0,908494,0
10002855,1,2796965,0
10002855,1,3986395,0
3071728,4,2336654,7
3071728,4,7964527,0
6745924,1,3483203,2
985805,2,9209546,3
985805,2,10000506,0
9298540,4,8278193,0
714319,2,2901002,1
9099959,1,2336654,7
9099959,1,2901002,1
9099959,1,5811078,2
9755419,1,7964527,0
9755419,1,2535611,1
9979425,0,7547749,0
9280381,2,7936002,3
9280381,2,790387,0
9976400,1,3198568,0
9976400,1,9664208,0
9119615,0,9209546,3
8306666,1,736937,1
7252868,0,2901002,1
9983733,0,1018659,0
9983733,0,5649747,1
4923452,3,4923452,3
4923452,3,9209546,3
4923452,3,4871110,1
4923452,3,2336654,7
8421707,2,8471144,2
8421707,2,8589512,0
8421707,2,3152844,0
9978457,1,6671176,2
9978457,1,8259064,3
6383397,0,4737952,2
6383397,0,5374924,0
9814693,2,9968677,0
8602567,1,1509797,0
4140027,0,2535611,1
9430995,0,4333359,3
9430995,0,1592364,1
8385787,2,9034642,1
5089491,-1,4340985,4
3154212,1,3154212,1
3154212,1,4800652,1
3154212,1,4909087,5
9928075,2,9209546,3
9928075,2,3316882,-1
9927674,0,6477201,0
9927674,0,8708364,0
9927674,0,4492932,3
4950219,0,2796965,0
9927674,0,3992043,0
9927674,0,416467,3
8683269,0,9085596,2
7406634,1,9209546,3
4210341,0,4210341,0
9840637,2,4871110,1
6064886,2,9209546,3
9572558,-1,6361531,2
9572558,-1,4323,2
1134881,1,5916727,1
1134881,1,9209546,3
3860993,0,9947339,1
9730578,-1,8259064,3
1362485,2,7964527,0
5305512,0,2354344,0
4208085,3,4472331,1
9656021,4,7964527,0
8791503,0,9609447,2
8791503,0,3483203,2
8791503,0,5085211,3
3088202,1,9274732,1
9933618,0,1540468,0
1161841,0,736937,1
7398654,0,7716312,2
9929376,1,1252759,3
5703997,0,4333359,3
1972924,0,9274732,1
7476643,0,9209546,3
9099959,1,2901002,1
8493059,1,2901002,1
9563832,0,2901002,1
7535911,0,9209546,3
9467345,1,3483203,2
2463655,1,2336654,7
2463655,1,9885313,1
4140027,0,4909087,5
4140027,0,7964527,0
6818308,3,7964527,0
4140027,0,7964527,0
9814693,2,2901002,1
9814693,2,3063243,3
9814693,2,9814693,2
9456633,-4,5811078,2
9456633,-4,2901002,1
9456633,-4,532312,1
9150656,0,4096283,0
3088202,1,6671176,2
3088202,1,6671176,2
3088202,1,3520965,1
219981,1,202229,0
219981,1,170005,1
219981,1,704848,7
9863366,3,2570261,1
8240649,1,9209546,3
8874771,-3,7716312,2
9814693,2,2901002,1
4446712,1,9209546,3
4446712,1,7564333,4
1509695,1,1897678,3
9850287,0,5033247,0
5256982,2,7838574,1
5256982,2,6190930,1
9838554,0,6576244,0
8315659,1,444036,2
8558369,1,2901002,1
8558369,1,4684861,1
6009803,3,8008776,0
7166834,1,2901002,1
7166834,1,4098013,0
9826042,2,8305660,0
9826042,2,5647038,0
9826042,2,4684861,1
9826042,2,3483203,2
9814693,2,532312,1
9814693,2,8605791,1
8482467,7,5741205,0
2835670,3,2867928,5
2835670,3,4909087,5
2835670,3,6671176,2
7980137,2,2535611,1
9739252,3,8839068,1
3766129,1,2901002,1
3766129,1,9209546,3
9797393,-1,1975277,0
8973011,0,190597,2
9745413,-1,9299259,-5
9516819,1,4909087,5
9516819,1,9274732,1
5729272,1,4333359,3
3837482,4,2901002,1
8716856,1,7964527,0
8421707,2,3510736,3
8421707,2,2901002,1
2044409,1,3510736,3
5092352,2,5178905,0
5092352,2,9209546,3
5092352,2,2901002,1
4447920,2,2901002,1
4447920,2,9321816,1
8345434,2,4983450,4
6648980,1,4585963,1
6648980,1,7964527,0
9290070,2,2336654,7
9290070,2,7964527,0
9290070,2,9209546,3
5171347,-6,6671176,2
4288043,6,2901002,1
4288043,6,7964527,0
4288043,6,9740103,7
7891534,2,2901002,1
2188011,4,2901002,1
2188011,4,6671176,2
5171347,-6,5741205,0
5171347,-6,3510736,3
6741482,1,487339,3
2497039,0,9209546,3
3766129,1,2901002,1
8595091,1,4909087,5
9696894,1,702383,0
9696894,1,9696894,1
5280293,0,5745815,0
2948334,-1,1648033,0
9299259,-5,2296458,5
9559162,1,2336654,7
9559162,1,7964527,0
9716975,2,5508500,0
7705108,0,2336654,7
7705108,0,7964527,0
5065796,2,6671176,2
5065796,2,6361531,2
8792365,2,9209546,3
8792365,2,3510736,3
4766576,1,4766576,1
7938217,3,7386332,0
9693433,0,7565352,0
9693433,0,5828183,0
8315879,2,2823755,1
8315879,2,2901002,1
6133106,0,702383,0
8867891,2,5811078,2
8867891,2,4871110,1
5550284,0,9209546,3
754176,1,487339,3
6736266,-1,2901002,1
9614582,3,3510736,3
4663377,0,2666057,2
9158985,3,2901002,1
9158985,3,8839068,1
3449832,-1,5811078,2
5424671,2,3510736,3
9648755,0,9209546,3
9253686,1,7194881,1
9586779,0,9209546,3
7327411,4,3760920,0
1362485,2,2336654,7
1362485,2,3483203,2
1362485,2,7964527,0
1362485,2,7964527,0
3990451,1,2336654,7
3990451,1,9209546,3
4916699,11,3381215,3
4916699,11,5348862,1
4916699,11,1110687,6
4815958,-2,4815958,-2
4815958,-2,4582949,1
9615917,13,3645903,1
9609898,0,6671176,2
9605440,1,4333359,3
7552761,2,5907870,1
7552761,2,3510736,3
714319,2,714319,2
714319,2,4983450,4
1312791,1,5907870,1
7930571,0,4909087,5
9592244,2,8610165,0
4001750,0,3328804,0
4051357,1,4051357,1
3180386,3,7964527,0
3180386,3,9299259,-5
3180386,3,8008776,0
9586779,0,7964527,0
9586779,0,9209546,3
6073158,-2,8683182,-1
7786035,-3,8008776,0
9548894,-4,4343502,0
104071,3,6671176,2
104071,3,7964527,0
317331,1,2901002,1
6043544,0,7907591,2
4145446,1,2901002,1
4145446,1,9055614,0
4145446,1,1568919,0
6289601,1,9209546,3
7955476,2,2901002,1
6932758,0,6866811,1
6932758,0,8072983,2
9350722,1,2373748,1
699010,3,7207392,2
699010,3,9253686,1
699010,3,304093,0
699010,3,5811078,2
699010,3,4962332,0
9194769,0,4871110,1
5894276,-2,2901002,1
9203524,-1,9203524,-1
7638174,2,2901002,1
7954504,3,1126841,1
9549286,2,5741205,0
9549286,2,4909087,5
9549286,2,7964527,0
4490400,1,9209546,3
4490400,1,2901002,1
3766129,1,2901002,1
9325434,0,6312276,0
3688956,1,2901002,1
7087474,1,9209546,3
7826511,0,3192400,0
9396878,0,1577947,1
9396878,0,9209546,3
7422287,1,189418,2
8783169,1,5014700,0
8783169,1,4492932,3
8783169,1,667883,2
9047139,4,2901002,1
2514936,1,9209546,3
2514936,1,7964527,0
7696283,2,2901002,1
7696283,2,7932273,0
5703997,0,9177877,2
7420623,2,4001477,2
9305276,1,2074981,1
9305276,1,9209546,3
5703997,0,9209546,3
5703997,0,3318273,0
7696283,2,7696283,2
7696283,2,642070,2
6382434,1,6287308,2
6382434,1,4683950,0
8102068,2,9209546,3
8102068,2,7964527,0
8102068,2,5741205,0
687739,3,2901002,1
9470055,1,5103802,0
8972207,0,5414307,1
8972207,0,4683950,0
8637577,3,2145789,0
8637577,3,4909087,5
8637577,3,2336654,7
8637577,3,9209546,3
8637577,3,9299259,-5
8637577,3,6287308,2
9466906,1,7505395,2
9203524,-1,2901002,1
926438,1,2901002,1
926438,1,374092,0
9396878,0,7908770,0
9396714,2,2901002,1
1634753,1,7964527,0
1634753,1,2901002,1
1634753,1,79793,0
1634753,1,5514476,0
1634753,1,1088415,0
1634753,1,9209546,3
1087908,2,9209546,3
1087908,2,2570261,1
1087908,2,6287308,2
1634753,1,5017267,0
1634753,1,4909087,5
8372455,-2,4887682,1
8372455,-2,6684107,-1
5312971,3,1451346,2
5312971,3,1456830,1
8753634,4,146073,0
8753634,4,2901002,1
8753634,4,6764663,-1
9011271,2,3579910,2
3180352,2,1252759,3
3180352,2,9209546,3
3762120,0,8666528,0
3762120,0,2901002,1
3762120,0,9209546,3
9346665,1,9209546,3
7426965,1,9209546,3
8300917,2,9209546,3
8300917,2,5741205,0
7638546,3,7964527,0
7638546,3,2336654,7
7638546,3,9209546,3
7638546,3,4909087,5
8300917,2,1499803,2
8300917,2,9209546,3
8300917,2,7368203,2
8300917,2,2901002,1
8138305,0,9209546,3
8138305,0,667883,2
4561777,3,3877338,4
4561777,3,2411802,1
171318,3,2285236,6
3071728,4,7964527,0
8879248,1,8879248,1
8879248,1,2901002,1
6468053,2,7724156,0
6468053,2,6786975,4
6468053,2,2285236,6
7637930,2,2411802,1
4288043,6,4288043,6
1718097,3,4829258,3
1718097,3,9416508,2
1718097,3,2901002,1
9418328,0,9209546,3
9418328,0,2901002,1
7932273,0,7932273,0
9203524,-1,6672746,3
9203524,-1,9203524,-1
8624402,1,9295613,1
8624402,1,8431275,0
8624402,1,2336654,7
5236124,0,2137255,2
5236124,0,1672128,1
3088202,1,4829258,3
6043544,0,4055021,1
6043544,0,9183344,1
6043544,0,4873159,0
6638903,1,2901002,1
6638903,1,6638903,1
6638903,1,1536437,0
7564704,3,2336654,7
8848555,1,2901002,1
9378512,0,9209546,3
9378512,0,7996271,1
8154776,0,7964527,0
7204030,1,2336654,7
1709088,5,7964527,0
1709088,5,6361531,2
1709088,5,7359810,1
1709088,5,4505244,2
9367408,0,7386332,0
9367408,0,7326738,0
9367408,0,1187220,2
9273350,-5,9311370,-4
9273350,-5,9349968,1
4288043,6,6422477,3
1015633,1,2901002,1
7166834,1,2901002,1
3534551,1,667883,2
5839247,0,5080669,2
5839247,0,9209546,3
5839247,0,2901002,1
6938066,1,2901002,1
9347541,0,667883,2
9347541,0,9209546,3
3630656,2,9183344,1
3630656,2,6361531,2
3630656,2,7964527,0
755671,3,7964527,0
755671,3,5241032,8
8218216,0,8218216,0
5993523,0,2901002,1
9095587,4,1534017,1
9095587,4,9209546,3
9095587,4,837534,5
9324531,0,5741205,0
7933539,-2,4683950,0
9298373,0,7932273,0
45963,1,7964527,0
45963,1,5741205,0
45963,1,4492932,3
7070600,2,2336654,7
45963,1,2336654,7
45963,1,826983,4
8415577,2,5178905,0
8415577,2,532312,1
8415577,2,2901002,1
2676049,3,3727550,0
2676049,3,2049147,2
6916973,0,837534,5
6916973,0,6147371,1
6916973,0,4579041,1
6780117,1,9209546,3
6096742,2,9209546,3
5120955,1,5120955,1
5120955,1,3919467,3
9203524,-1,2901002,1
5985921,2,4829258,3
5985921,2,7964527,0
4710845,0,4983450,4
4710845,0,7964527,0
9248279,2,7311767,3
4363045,0,2901002,1
4363045,0,5741205,0
9108912,0,2102114,1
9099959,1,5230735,0
3177936,1,2622907,0
3177936,1,3177936,1
3581217,2,6388994,3
4288043,6,2901002,1
323303,3,323303,3
323303,3,2901002,1
7426965,1,4909087,5
8349184,0,5741205,0
8349184,0,6509519,1
6768052,1,5741205,0
6768052,1,7964527,0
8960574,0,6509519,1
8960574,0,5116025,0
3762120,0,2901002,1
3120489,3,5851928,4
5839247,0,8841872,1
5839247,0,3522130,-1
5839247,0,4909087,5
4148807,0,6054622,1
4949486,3,4949486,3
5336019,1,2901002,1
5862295,5,2901002,1
5336019,1,1281485,3
8936256,0,7661057,1
8936256,0,4107693,0
9173983,2,4909087,5
7595201,-1,3704482,0
4796694,1,7311767,3
5438460,0,4829258,3
7452651,1,5514476,0
7452651,1,6520041,0
7452651,1,7926383,1
7478456,1,6149882,3
7086216,2,7964527,0
9134181,0,2901002,1
8801308,0,5309300,0
8801308,0,5508500,0
9036931,0,2901002,1
8801308,0,2901002,1
8801308,0,826983,4
9117548,0,9117548,0
9117548,0,8003790,1
5100922,1,4819376,2
5100922,1,5811078,2
9045698,1,3480223,0
9045698,1,6022016,0
9045698,1,2901002,1
7535156,-4,1635180,0
9099959,1,7134286,0
9099959,1,9099959,1
9099959,1,8840163,1
4266087,1,2901002,1
6343187,2,7964527,0
7853947,0,7853947,0
7853947,0,2799941,0
7853947,0,7505395,2
9089567,3,4016285,0
9089567,3,6361531,2
9089567,3,4909087,5
7961216,0,9069224,0
7961216,0,7386332,0
9049065,1,6477201,0
8404439,2,7747975,1
8404439,2,8166632,0
9045698,1,7964527,0
9045698,1,7267841,1
9045698,1,6361531,2
9045698,1,534238,1
9045698,1,5003756,0
8569352,3,9017455,0
8569352,3,7134286,0
9054360,0,5602504,1
9054360,0,8715110,0
9054360,0,7761024,0
9036931,0,2901002,1
9036931,0,2901002,1
9036931,0,2901002,1
9036931,0,2901002,1
9036931,0,7964527,0
9036931,0,5003756,0
9036931,0,7964527,0
5336018,5,6927601,10
5336018,5,5173232,2
7557159,2,2901002,1
5703997,0,5741205,0
5703997,0,7106045,0
5703997,0,7381528,0
4652493,1,2901002,1
5909441,0,8320861,1
4681134,47,8478253,9
4681134,47,8435769,-2
4681134,47,2463570,7
4681134,47,2271269,56
4896331,0,6900838,1
7853947,0,1930543,0
7853947,0,826983,4
2740727,1,2137255,2
8970878,0,2901002,1
4608626,14,4044103,20
4608626,14,3639023,1
1876739,2,2901002,1
7478456,1,653364,1
1734278,1,2901002,1
1734278,1,4983450,4
5109802,1,996205,1
5109802,1,8896651,1
5109802,1,7964527,0
5109802,1,2285236,6
5665505,1,6287308,2
8555729,0,7847591,0
5703997,0,4887708,1
5703997,0,2464121,2
7804991,0,6361531,2
8977872,0,6139279,0
8977872,0,6781575,0
766708,0,2901002,1
766708,0,4800652,1
501054,0,2901002,1
501054,0,4800652,1
8950775,0,2857926,1
8945029,0,8945029,0
7954504,3,3339965,2
3986320,2,2901002,1
3986320,2,7964527,0
501054,0,2336654,7
6020610,1,2901002,1
4035529,0,7851470,1
8267109,0,8756315,2
8479607,0,4366229,1
2026781,3,2336654,7
2026781,3,1240268,1
2026781,3,7954504,3
2026781,3,7964527,0
757590,0,757590,0
7171587,0,8747665,0
8479607,0,8807079,0
8479607,0,4800652,1
6560626,2,2901002,1
7823253,1,7964527,0
7823253,1,6287308,2
7620499,0,3707720,1
8799263,1,6900838,1
7805829,1,7964527,0
2904588,10,2875563,11
5141727,-1,4800652,1
7300005,5,890242,2
7300005,5,2336654,7
7300005,5,2901002,1
7300005,5,4995030,0
8458838,1,8458838,1
8458838,1,2901002,1
8238124,2,6287308,2
8238124,2,5741205,0
8238124,2,2336974,1
8238124,2,2901002,1
6720997,10,1404311,7
7388024,0,7964527,0
7388024,0,5811078,2
7388024,0,6341054,0
3088202,1,4983450,4
3088202,1,5741205,0
8579043,0,190597,2
8317830,0,3619945,0
2717063,1,7780353,1
2717063,1,2901002,1
3166881,0,1972924,0
3166881,0,4909087,5
905423,2,5741205,0
905423,2,5205141,1
8729326,-1,56541,0
8728073,1,5741205,0
7751504,0,6573902,2
7751504,0,2137255,2
7751504,0,6451244,0
5868293,0,2901002,1
4990359,0,5107488,0
8500760,2,100297,1
8500760,2,8347081,0
7469605,9,7571052,1
7469605,9,5633320,7
5421539,0,4323,2
7853947,0,4800652,1
7853947,0,2336654,7
2480769,1,2411802,1
2480769,1,2336654,7
3259331,4,3259331,4
8690470,0,2901002,1
8690470,0,7068859,0
8684491,2,3293881,1
8684491,2,6287308,2
8684491,2,7964527,0
8664762,1,4247599,0
8664762,1,8529697,1
8664762,1,2901002,1
8622826,0,4359551,1
8622826,0,2137255,2
2717063,1,4985733,1
7853947,0,2901002,1
7853947,0,2236150,1
2717063,1,2901002,1
7646954,0,7646954,0
8315819,1,2901002,1
8315819,1,7964527,0
2717063,1,2336654,7
2717063,1,6361531,2
2717063,1,2336654,7
7326305,2,190597,2
7326305,2,5393381,3
7326305,2,5741205,0
7954504,3,2336654,7
2856558,2,5393381,3
8525203,1,1453822,1
2717063,1,2901002,1
8194773,1,2901002,1
8194773,1,4800652,1
8194773,1,1782792,6
8622826,0,1506264,0
5624176,0,1506850,0
5703997,0,8381385,0
5703997,0,2901002,1
6678835,0,2901002,1
2717063,1,2901002,1
8572491,2,2336654,7
8572491,2,2901002,1
8572491,2,4900574,2
5703997,0,5741205,0
2717063,1,5741205,0
2717063,1,8368216,0
2717063,1,8194773,1
2717063,1,1762211,2
8592585,3,2901002,1
8592585,3,7491646,1
566676,1,8166632,0
566676,1,2080228,0
8144295,0,8231181,2
4623656,1,2901002,1
4623656,1,2137255,2
1773344,2,7964527,0
1773344,2,190597,2
4825905,2,4642859,3
8543025,2,6361531,2
8543025,2,3135417,0
8543025,2,2137255,2
7954504,3,7954504,3
2244081,6,6342575,2
2244081,6,5276797,13
7926383,1,6343538,0
8409191,1,4800652,1
2950747,8,7964527,0
2950747,8,2411802,1
2950747,8,5741205,0
5240684,0,7964527,0
8484483,2,7964527,0
8484483,2,2411802,1
8484483,2,5741205,0
8266561,0,5916727,1
8266561,0,2074981,1
7492284,0,7492284,0
8290376,-4,7964527,0
8290376,-4,2324298,1
8290376,-4,2901002,1
5571914,1,2901002,1
6421290,0,2901002,1
4663679,3,2336654,7
4663679,3,7964527,0
4663679,3,2901002,1
8351688,2,2336654,7
8351688,2,4760331,1
8351688,2,2411802,1
8351688,2,4832296,0
8351688,2,5026929,0
8436383,1,4365003,3
6052531,2,5075720,2
6052531,2,2411802,1
4321039,0,4323,2
3437787,3,2285236,6
8419482,1,2336654,7
7528751,0,8408934,1
8328781,0,8290376,-4
8328781,0,5026929,0
7781835,1,2901002,1
7781835,1,812662,0
7855154,4,2137255,2
7265880,1,5514476,0
7265880,1,2336654,7
7265880,1,6342575,2
7265880,1,4983450,4
8267167,2,2336654,7
3200391,4,4549682,1
8290376,-4,8290376,-4
8290376,-4,2336654,7
8290376,-4,7985142,0
5571914,1,2901002,1
8081595,-1,1782792,6
2719598,1,6361531,2
7547749,0,2137255,2
7547749,0,1453822,1
8386173,1,2901002,1
7672533,1,6655211,4
1539741,3,2901002,1
8372455,-2,2336654,7
8372455,-2,2411802,1
8372455,-2,4686625,14
8372455,-2,4909087,5
7672533,1,7672533,1
7672533,1,5003756,0
8183395,2,2901002,1
5626112,4,2901002,1
5626112,4,3293881,1
7528751,0,146073,0
687896,2,6361531,2
6803114,2,2336654,7
6803114,2,2901002,1
4537383,1,6361531,2
4537383,1,5741205,0
5120955,1,6361531,2
4898964,0,5448552,0
4348534,1,2901002,1
6901159,0,6065591,2
2208922,2,8231181,2
7492284,0,7214344,2
8290376,-4,2901002,1
2394952,0,7746385,3
7849851,1,5741205,0
7900140,-1,4800652,1
7900140,-1,8144295,0
5312971,3,2336654,7
7492284,0,314922,0
7492284,0,5393381,3
7492284,0,2821252,1
2562744,3,7964527,0
2562744,3,5741205,0
8229816,1,6361531,2
8229816,1,5241032,8
8229816,1,2901002,1
4949486,3,3990806,2
4949486,3,7445833,1
8286317,0,667883,2
4459434,3,2901002,1
4459434,3,4955404,1
7954504,3,2285236,6
7993873,2,8231181,2
8229816,1,8231181,2
8266561,0,5497294,0
8266561,0,5300112,3
8266561,0,2285236,6
6005062,2,7982275,4
6005062,2,7964527,0
5312971,3,1562285,1
8227494,1,1404311,7
7574860,0,1577947,1
7574860,0,5741205,0
6026929,3,2901002,1
1058584,1,7688996,2
1058584,1,2897372,0
4704969,2,2336654,7
4704969,2,2285236,6
8177554,1,4492932,3
1738879,7,7964527,0
1738879,7,2336654,7
8172319,2,6361531,2
8172319,2,67579,1
5312971,3,6361531,2
6304017,0,6304017,0
6304017,0,4049396,1
7836530,1,2901002,1
7836530,1,704848,7
8000201,0,2287299,1
470184,3,190597,2
4043845,0,6361531,2
3864014,1,2901002,1
6916973,0,7311767,3
6537007,2,7311767,3
3731467,0,3731467,0
3731467,0,6342575,2
7882136,8,6622817,1
7882136,8,1478537,2
7037746,1,3626961,1
7037746,1,2336654,7
7204030,1,487339,3
7584467,2,7311767,3
7584467,2,1240268,1
673760,3,667883,2
673760,3,6163621,1
673760,3,2336654,7
4745249,1,1240268,1
5474317,6,2901002,1
5474317,6,667883,2
3991782,0,5917484,0
7683796,1,667883,2
7683796,1,6277525,0
4972716,7,5741205,0
4972716,7,837534,5
4972716,7,5520354,0
1627234,2,5741205,0
6560626,2,7000863,0
7964299,1,5741205,0
6866170,0,704848,7
6916973,0,4956987,2
7914683,2,3339965,2
5024531,0,2336654,7
5024531,0,5006,0
6560626,2,2901002,1
7172306,1,5741205,0
7620879,1,2901002,1
7620879,1,7887265,1
977038,0,2901002,1
6560626,2,5085211,3
7857104,0,1422451,0
1115277,0,2336654,7
4114372,2,3135417,0
659463,1,2899837,1
7820917,1,5741205,0
4949486,3,704848,7
2302819,9,10335,1
2302819,9,2302819,9
4043845,0,5741205,0
4043845,0,6361531,2
6916973,0,6287308,2
6916973,0,7607701,0
4043845,0,2336654,7
4043845,0,624829,8
6916973,0,2901002,1
6916973,0,6817835,0
3356309,1,839957,1
5332464,1,6203717,0
5332464,1,4323,2
4043845,0,3628236,5
4043845,0,5003756,0
7469605,9,2823755,1
7469605,9,7678879,1
4043845,0,2336654,7
4043845,0,1427416,4
4043845,0,5952674,3
4043845,0,6287308,2
4262057,3,10238,2
4262057,3,311124,2
7593646,0,6207849,4
7593646,0,2336654,7
7565818,1,2336654,7
6916973,0,5741205,0
1838999,1,3558644,2
1838999,1,42346,7
7565818,1,10238,2
7565818,1,42346,7
7391006,1,2336654,7
7391006,1,1753919,0
4559679,2,2901002,1
6916973,0,5741205,0
6916973,0,6916973,0
6916973,0,4356204,1
7696422,0,3558644,2
7696422,0,6053327,1
7469605,9,6451573,5
6916973,0,4686625,14
6916973,0,5869177,1
6916973,0,4787467,1
6916973,0,4686625,14
6916973,0,4983450,4
7565818,1,7565818,1
7565818,1,1239729,-1
3848207,0,3027854,5
1761521,1,624829,8
1761521,1,4431535,0
4949486,3,2901002,1
2366204,2,2867744,0
5791826,5,7366928,4
489564,0,7366928,4
7112155,9,2748781,10
7112155,9,5800230,2
1761521,1,2901002,1
7615984,1,2336654,7
7615984,1,1562285,1
4394770,2,2901002,1
7457873,2,2901002,1
6916973,0,4082217,1
6916973,0,4323,2
4140027,0,2901002,1
4140027,0,1057443,1
7265880,1,3054161,3
7565404,3,5741205,0
2335820,-1,7168677,2
6377863,1,2336654,7
1290680,0,7311767,3
1290680,0,7311767,3
3259331,4,2298070,13
6916973,0,4082217,1
6916973,0,4492932,3
3225420,0,2336654,7
3225420,0,487339,3
3225420,0,6287308,2
3225420,0,682797,1
5696518,1,2901002,1
5696518,1,1993206,0
1500255,1,5741205,0
1500255,1,1884171,0
3917349,1,6797347,0
3917349,1,624829,8
7505513,0,3805500,0
3993270,0,2901002,1
3993270,0,2336654,7
6637269,0,6637269,0
6637269,0,2901002,1
7493449,0,1936114,3
6592934,0,6779307,5
58634,3,3877338,4
58634,3,2336654,7
7400738,4,5741205,0
7400738,4,6207849,4
7469605,9,2901002,1
6592934,0,6207849,4
6592934,0,2901002,1
7416134,1,2399894,1
7220655,0,240490,0
6106842,-1,3707607,2
7421001,0,3707607,2
5665505,1,5741205,0
717880,4,2336654,7
3113510,1,3067241,2
3993270,0,545438,1
3993270,0,4983450,4
3993270,0,2336654,7
4781358,0,7244759,0
4781358,0,5741205,0
5155413,4,704848,7
5155413,4,5741205,0
7179203,1,3954379,0
4140027,0,5806746,3
4140027,0,4983450,4
4140027,0,5741205,0
2396502,1,2901002,1
950280,1,4983450,4
7350180,0,4983450,4
1909918,2,2336654,7
1909918,2,3707607,2
7329278,4,3707607,2
7323821,0,2336654,7
6437260,7,4492932,3
6437260,7,2901002,1
7304040,0,5673316,0
5316326,2,2543372,2
5316326,2,2901002,1
6511941,3,4983450,4
7008941,1,1609428,3
7008941,1,6596015,3
5467595,1,2543372,2
3812967,1,1240268,1
3142347,0,6207849,4
1909918,2,5741205,0
1909918,2,3558644,2
1909918,2,3765319,1
4928920,12,7171976,1
5869177,1,6207849,4
7008941,1,6924242,5
6646696,0,49559,1
7008941,1,2901002,1
6539435,2,2857926,1
7008941,1,2285236,6
7008941,1,3025981,1
5452748,0,5741205,0
4727766,6,3339965,2
4727766,6,5741205,0
4727766,6,1474727,2
4727766,6,704848,7
4727766,6,2063361,1
7008941,1,189418,2
6858597,2,2670792,2
4727766,6,624829,8
4727766,6,2336654,7
4140027,0,378704,1
4727766,6,4983450,4
4140027,0,2901002,1
4114372,2,2901002,1
4114372,2,2285236,6
6895009,1,3124409,0
6895009,1,4099813,1
7076909,0,6900523,1
7076909,0,4983450,4
7076909,0,4313064,0
4114372,2,5626112,4
4114372,2,4177078,1
5834316,1,7045225,0
5834316,1,2901002,1
4570230,1,4413446,1
1067308,1,2336654,7
6866170,0,2336654,7
6866170,0,704848,7
1269634,0,1422451,0
2965601,0,5741205,0
2965601,0,2285236,6
6828360,1,704848,7
6828360,1,4291583,0
2039162,1,12663,2
3751373,0,3751373,0
3751373,0,6207849,4
336527,2,4983450,4
1086688,5,839957,1
6244166,2,5433002,2
3447158,3,3447158,3
1414455,0,146073,0
5435124,11,2901002,1
6681502,3,5741205,0
6681502,3,6414203,0
6681502,3,1762211,2
6681502,3,6669476,0
1909918,2,6207849,4
6418963,1,2901002,1
6665281,2,1681480,1
6665281,2,2336654,7
959937,2,6657815,4
4596596,2,2336654,7
1017917,-1,3455794,0
1017917,-1,2483271,1
1017917,-1,3732271,1
1017917,-1,4983450,4
6377863,1,3165737,0
6377863,1,3846228,0
6377863,1,2411802,1
2789717,5,2087463,2
2789717,5,1225744,0
5586178,5,190597,2
5586178,5,2901002,1
4642859,3,2336654,7
226897,1,2901002,1
226897,1,2411802,1
1909918,2,2336654,7
1909918,2,2285236,6
4596596,2,5648958,3
771848,1,5717589,2
2333196,4,3293881,1
2333196,4,2336654,7
6096125,2,2901002,1
6096125,2,6540219,1
6538950,1,2285236,6
6377863,1,1439745,1
6377863,1,4983450,4
6311384,1,1494637,0
6377863,1,3339965,2
6450762,0,1251596,0
4032552,0,2901002,1
4972716,7,1494637,0
6311520,12,2336654,7
6311520,12,5805289,7
5630994,1,6005451,0
5630994,1,1101713,1
4972716,7,2336654,7
336527,2,699305,4
336527,2,2901002,1
336527,2,5314012,0
6311520,12,4585963,1
6311520,12,2901002,1
6311520,12,3657742,2
5857901,1,2411802,1
5857901,1,2336654,7
4392566,1,1494637,0
514210,3,4686625,14
6311520,12,2901002,1
6311520,12,1494637,0
6311520,12,1494637,0
6311520,12,4317058,2
4716552,1,5741205,0
2826011,3,5717589,2
6311520,12,2901002,1
6311520,12,4983290,1
2826011,3,987185,1
2826011,3,2901002,1
6246100,-1,1320510,0
4972716,7,2336654,7
1181744,10,1227991,3
1181744,10,257465,15
5816243,0,786593,0
5816243,0,1624921,1
5816243,0,6259990,0
5816243,0,2549021,1
5816243,0,6259990,0
4972716,7,5019586,0
4972716,7,2635790,1
4972716,7,2826011,3
4972716,7,2357112,2
4972716,7,3991649,0
6240629,-1,4983290,1
4972716,7,5741205,0
4972716,7,1771479,0
4972716,7,5741205,0
4972716,7,5741205,0
4972716,7,2901002,1
2826011,3,3628236,5
2826011,3,1910242,4
2826011,3,2137255,2
3798597,0,190597,2
6168738,0,2826011,3
961346,1,2411802,1
6168738,0,5741205,0
6168738,0,3691783,3
6168738,0,2901002,1
4774724,0,5402048,0
4774724,0,704848,7
4797524,0,5976265,4
4972716,7,3474956,2
4972716,7,5331112,1
4972716,7,4394564,0
4972716,7,3077059,0
6106301,1,5910654,1
336527,2,4542359,1
336527,2,2699288,2
336527,2,3510736,3
336527,2,2901002,1
336527,2,2411802,1
351204,1,351204,1
1082349,2,2901002,1
6019463,0,3510736,3
6019463,0,2411802,1
5435124,11,2901002,1
674301,0,674301,0
674301,0,1502891,1
3079439,1,2901002,1
1941253,1,4542359,1
2851730,1,4667484,1
5943247,2,4667484,1
5931373,0,2028710,2
5931373,0,2142055,0
4723039,3,2901002,1
4723039,3,2370124,0
3682157,6,190597,2
3682157,6,844823,1
5872497,2,2901002,1
5872497,2,5276797,13
5826447,2,837534,5
5826447,2,2070074,1
5826447,2,5142797,0
3165737,0,2901002,1
2044409,1,2901002,1
5799632,1,837534,5
5799632,1,704848,7
5569314,0,1494637,0
5569314,0,1968405,1
690430,2,690430,2
690430,2,704848,7
5712829,0,5712829,0
5252013,3,2901002,1
3675040,1,3675040,1
4804108,5,1240268,1
5435124,11,2411802,1
5435124,11,1494637,0
5435124,11,1857805,0
3381215,3,653364,1
4138764,0,4720640,0
1232891,1,2411802,1
2293224,0,707650,3
283296,3,487339,3
4805990,2,2141635,1
4805990,2,4807623,-1
4805990,2,487339,3
4805990,2,704848,7
4805990,2,447015,1
3682157,6,487339,3
3682157,6,704848,7
3682157,6,795990,1
3034614,2,2699288,2
3034614,2,704848,7
3165737,0,3165737,0
2044409,1,704848,7
4805990,2,1245190,1
2669472,1,704848,7
3165737,0,3877338,4
5160111,3,5160111,3
283296,3,190597,2
283296,3,180709,2
283296,3,317130,2
4526367,2,3394978,1
4526367,2,5014134,0
1763955,1,3898293,0
5006885,0,3868428,0
5006885,0,5014134,0
2300461,1,487339,3
2300461,1,704848,7
2300461,1,1240268,1
2300461,1,170005,1
2044409,1,3437504,1
3675188,0,1113211,0
3675188,0,918959,2
3675188,0,1968182,0
2526657,47,487339,3
833300,3,4077912,1
833300,3,704848,7
2526657,47,487339,3
3919467,3,1628722,8
4110613,1,704848,7
283296,3,2141635,1
461202,2,3334852,2
833300,3,3849456,0
833300,3,498892,1
833300,3,1678467,0
984201,1,1744834,1
2300461,1,1289107,1
833300,3,833300,3
3199212,0,1827356,0
2300461,1,2300461,1
2766558,2,190597,2
3682157,6,190597,2
3682157,6,1222578,8
3682157,6,298607,3
461887,20,704848,7
3682157,6,2487184,1
283296,3,1240268,1
3765319,1,653364,1
847663,4,3599890,4
1502345,5,190597,2
847663,4,1240268,1
847663,4,847663,4
1588795,1,1588795,1
1588795,1,1240268,1
2468646,-5,137783,1
2935984,2,1240268,1
2935984,2,625914,3
2445114,4,1240268,1
2445114,4,1221924,5
1786316,7,398968,2
1786316,7,644898,7