UserId,Score
10130636,0
6225526,2
7547385,0
11956484,0
7972788,1
9530105,1
12417990,0
11578327,0
4872347,1
11608340,0
12369529,-1
12390973,1
11058050,-1
11069741,1
3967806,-1
5092352,2
12401745,-1
9538252,1
5966402,0
11828422,0
12289180,0
12289180,0
666130,0
7498328,1
12289180,0
12275675,0
12462059,0
10952764,0
11956484,1
7533983,0
12313190,2
12007010,0
1328569,0
12447125,0
11518140,1
8053370,1
5699604,6
11989075,0
12275675,0
12442832,0
11995602,0
4295825,0
12289180,0
11927597,-2
8795734,1
9712631,0
1761521,1
7574199,1
9413910,0
11500955,0
12426448,0
11939595,0
7547586,0
11413949,1
12417435,0
4694757,2
8980820,-3
12314453,0
3277133,1
4430536,0
1497720,1
5231306,1
11079456,2
8568110,0
5868293,0
1497720,1
7320236,0
5703997,0
12313463,-1
9976350,0
5687636,1
12100658,-2
11003573,0
10885275,1
10365747,0
9281012,1
5491428,0
11363434,-1
11633491,1
5391663,4
5391663,1
11511865,2
12358330,0
11906577,-1
11463582,0
12352987,1
10365747,1
11909703,0
8797830,1
10313194,0
5313508,0
12282966,0
12261833,2
12282966,0
5703997,1
12225102,2
10332687,2
7932273,0
6428488,1
12026054,0
12331436,0
7930571,0
10262731,0
578204,1
11322052,2
990568,0
11964370,1
8201945,0
1692468,0
10885275,1
11776529,2
7149485,2
10537172,1
11227308,2
9869695,2
12134565,0
12281253,2
11322052,1
6043544,0
11956484,2
3270244,2
9834122,1
10896502,-1
9057704,0
12292032,2
12277274,0
12287234,2
10719369,2
2293224,0
6043544,1
12288754,0
11744685,1
9161067,3
12134565,0
3130747,2
989185,0
12270780,0
10580461,1
5868293,0
5868293,0
8888469,0
3431964,1
5868293,2
5859808,0
4876561,0
6011149,0
6043544,1
10081864,0
2526657,47
1243255,1
5868293,0
11246230,0
1497720,0
8820330,0
8820330,1
12249994,1
11851719,0
1497720,1
1497720,0
9578831,0
12242218,1
3284746,1
12229568,1
6279751,0
6043544,0
2293224,0
2293224,2
6903126,0
12224105,1
8285831,1
10636733,0
8650115,0
10896502,1
1928522,1
9848572,1
5868293,1
11841670,0
1497720,0
1497720,0
3146365,1
1497720,0
1497720,2
10464003,0
11956484,2
9408112,0
8335171,0
12196221,-1
9629771,1
11956484,0
2264225,3
2119941,1
1497720,1
6495480,0
10491430,0
1497720,1
5152914,3
11822295,-1
12140563,0
12177976,0
1497720,4
11058050,0
6343355,1
1876739,2
2982094,0
9940344,0
490507,24
5487719,0
11653862,0
7758804,2
11536497,1
11992884,0
593450,0
12161849,0
9629771,0
6238676,1
1876739,1
11956484,1
12156660,0
7173956,0
10383617,-2
11956484,2
5443574,1
5703997,0
8684435,2
9310528,1
334757,7
11956484,0
10136912,0
12054815,0
946137,0
5183031,3
12134565,1
11221612,2
6302796,0
4526288,2
4430536,1
11653862,1
4559989,-1
6083404,1
11653862,1
10800593,1
946137,0
946137,0
4731770,2
7671519,0
11841670,0
946137,1
11529732,1
11198558,0
11165978,4
6800041,0
11853632,0
10443658,0
11135962,0
10458370,0
12063840,0
5231224,1
10443658,1
5212614,2
439621,2
11463582,0
11911984,1
1139541,0
3130747,0
8266189,0
9389773,1
3535695,0
8484261,0
10157833,2
11753555,0
10552640,1
5487719,1
12053216,2
3058703,1
10450242,1
12024038,2
10611339,1
9727789,0
10552640,2
11833086,1
6210239,0
9389773,1
9389773,0
5487719,4
5487719,0
11948485,1
11783776,0
10694466,0
5703997,0
10537237,0
12028888,1
5487719,0
12005616,0
5703997,-1
9378830,0
12024595,0
6589617,2
11985525,0
12018686,0
3767239,1
3180386,3
9431573,0
9378830,0
9837354,1
11970440,0
11053294,-1
11908896,-1
9431573,2
4526288,0
12000031,0
10803986,1
3871499,-1
7422143,0
1228481,1
415088,0
9431573,2
10647332,2
4150078,2
11956484,0
9580869,0
4347859,2
10829044,1
11958749,5
10808871,0
3253821,0
7535670,1
11977590,2
11977590,1
11977677,0
9283026,1
10647332,-2
8266189,1
3543695,1
7353600,1
11872426,0
11580723,2
5703997,0
8359767,0
11956484,0
9227955,0
11135962,0
11884542,-4
10770660,4
10915257,0
415088,3
9644362,1
2022284,2
11934674,2
11951151,0
2493856,0
8542257,0
7505228,2
8958254,2
9644362,2
11053294,1
7517610,0
2658898,0
11946630,2
8339485,-2
5250909,0
11945555,3
6664990,5
11941800,1
11939688,1
11939521,-1
11810737,1
5328289,0
11053196,0
5703997,0
1033606,0
11723688,0
11822211,1
3993270,0
11639342,0
2493856,-1
11928649,0
10018602,0
11456979,1
8821584,0
8382707,2
11729738,2
10407737,-1
11853632,2
11139350,1
11463582,0
8446738,1
9585960,0
8301072,0
11639969,1
11601034,0
9083355,0
4160251,0
11871120,5
1033606,1
9940344,0
11905726,0
7728410,1
2485873,1
3631440,0
11902219,0
11880185,0
11173141,1
5055891,0
5072692,0
4996042,0
7954504,3
5553761,1
9942021,0
10808871,1
11816060,2
3656142,0
1536343,2
11600655,1
5868293,2
5868293,1
3058703,2
11878746,0
11878337,0
965778,0
667355,0
11430761,2
11873300,0
8867530,2
11463582,1
4996042,0
3166881,0
667355,0
10632473,0
2598316,-1
667355,0
11816060,2
10018602,1
4463305,0
11766953,0
11359253,0
11463582,0
11846355,1
11846355,0
9161607,2
11737596,2
11841536,0
5124600,0
11851719,0
9940344,0
9822593,0
11848326,2
11848326,0
11848326,1
6843546,0
8915326,4
11842999,3
10537172,-1
5868293,2
11793041,0
8076217,0
11838431,1
7039652,0
11836102,0
10728472,0
10704050,1
10631169,0
11723147,1
10473393,1
9144386,1
10018602,0
808946,-2
8150532,4
11049287,0
11822211,0
11740957,1
2679225,1
11113048,1
11773938,2
3249399,0
11805447,1
10906075,0
1479974,2
10329877,1
11027302,0
1750612,0
11463582,0
11787898,0
3689085,1
11787291,1
10808871,0
8515731,0
11783204,-1
11781149,1
11202824,0
7691211,0
10750517,1
4390183,0
11665508,1
3552144,0
7420623,2
9921453,0
8700970,1
2401532,-5
10375196,0
5212614,0
5212614,0
5813071,3
2480410,1
11027302,4
11741662,1
4058737,3
11027302,1
11196704,1
10644025,4
10631079,2
4972716,7
9940344,1
11463582,0
3685918,0
5868293,1
11518140,0
3143203,1
9195301,1
5864214,-1
9863261,2
9944937,1
6896310,0
11181726,1
9099959,1
9497926,1
10018602,0
11600323,1
6759267,0
11731242,0
11729738,0
11727943,0
5684405,0
4829258,3
4666912,0
9161607,2
4458477,1
583464,-1
10808871,2
270326,1
11135962,1
11565807,0
7462615,6
9161607,0
8346493,2
9099959,0
11312863,2
11196704,0
11579479,1
11075330,0
9099959,-1
11519635,0
11688141,0
1761521,0
9561497,0
6436846,-1
2168400,0
5967886,2
11196704,0
9024698,0
11312863,1
9378830,0
11666502,0
5212614,0
3811918,1
7547586,0
11312863,0
6140832,3
2242044,1
11228769,0
8993099,0
11324057,0
9799540,1
866364,2
9024698,1
11658120,0
10193760,0
11652299,0
11650891,1
10895812,4
6043544,0
576448,0
4746684,1
9895978,-2
11639677,0
11611758,1
11636704,0
7932273,1
11633760,0
2091230,4
9530105,0
10396157,1
10058906,1
4701426,1
3848207,0
11600098,0
9998722,0
292291,0
11623512,1
11616334,3
9024698,0
9024698,0
11196704,1
6157474,0
11053801,0
11600963,0
11196704,1
1768419,2
10539466,0
7535419,0
11451039,3
8791503,0
11600963,2
11135962,1
7867536,0
11091145,1
5868293,1
11247027,3
8212173,1
11451522,1
4133063,21
7469605,9
4982782,0
11588430,0
11585893,-1
9405787,0
11523244,0
9024698,1
11135962,1
7535419,1
4375983,-1
8579587,1
5868293,3
5868293,1
3116753,3
11135962,0
4526288,1
10396157,1
10267489,2
8051444,-2
11337707,2
9978457,1
9431573,1
11334842,1
10603191,1
11529730,0
8809326,1
6796805,0
11325655,0
11404137,1
8359315,0
9218680,0
2634219,0
7462428,0
7371506,0
6571327,0
8340881,0
11529730,0
11439599,1
11525372,2
7988497,0
6590393,2
5525619,2
5525619,1
11390915,-4
10743315,-1
5868293,2
5017586,2
11313583,3
10428539,2
11446382,0
6555335,0
10728472,1
10603191,3
5806136,0
10728472,1
3277133,3
11278044,0
8578231,2
9940760,2
10391795,0
11500955,1
8303150,2
6825505,-3
9670056,2
10728472,3
11492682,1
11491403,1
5565466,1
10164637,2
3512709,1
11432682,0
8290376,-4
11451039,-1
4268602,2
11470433,1
11135962,0
5849427,2
2085438,1
11446190,0
9994064,2
6672579,1
8479852,1
11308135,1
10100724,0
8207612,0
6032016,0
8091097,0
8207612,2
9875052,-1
7440802,1
11439233,1
7004463,0
11035965,0
7422943,1
3460063,2
4278999,0
8507982,2
11082866,0
11135962,1
6941823,1
11415337,0
4481339,1
10117868,1
7932273,1
3448011,1
10223897,0
4430536,1
10629530,0
9925225,0
9947248,1
8361728,1
9995030,1
11131369,0
5520027,1
7930571,1
11396296,2
3448011,0
11386089,2
9988582,1
11031361,1
11031361,1
331174,2
9988582,0
9718282,3
156531,2
9452512,0
4494842,5
11383307,4
208127,1
11381682,0
11343149,0
11286588,0
7932273,7
10797986,2
10865832,3
8150532,0
11135962,1
4150078,-1
11031361,0
11031361,1
10419886,0
11218700,3
11218700,0
2091169,0
10833061,0
9988582,1
5212614,0
11322649,3
5868293,4
8291684,2
4338000,0
11065684,0
8797830,-1
9927054,0
6920946,2
9580899,1
6621793,1
11338673,0
439621,1
9988582,0
4150078,0
6302061,3
8749168,2
11330653,0
4004863,0
4004863,1
11200570,4
11322629,1
4288043,6
11322629,1
11322649,1
10032455,0
6480757,0
4004863,3
7766063,0
684004,1
6110285,2
7247715,-1
5212614,0
9666094,0
5212614,1
11313803,0
7313804,-1
7081275,0
10193760,0
439621,3
578204,2
6473080,0
9758660,1
439621,0
578204,0
9988582,0
6744260,0
7658885,0
11246230,0
8791503,0
11300648,0
5170800,1
10419999,1
11271281,0
11135962,0
10602316,4
6799378,0
6493355,1
4804608,0
9335777,6
9284675,0
6239923,1
3584680,0
6646912,0
11224526,1
9288752,2
11261273,1
6239923,2
9933449,1
4004863,0
9933449,2
10115186,0
10813833,0
6799378,0
11257593,0
9940782,2
11174424,2
11256071,0
3249641,0
11058050,0
5375274,0
7932273,2
8359315,0
11241169,-1
7881599,0
8244932,1
9715637,0
10133689,1
9757927,2
5375274,1
10029062,5
8901292,0
5375274,0
9758660,4
5322660,0
9142709,0
10970478,0
7938217,3
9957506,0
11111792,3
11165120,0
8212173,1
439621,2
8219251,-1
9806377,1
10443817,1
9271965,0
2308722,0
11210589,0
4150078,0
11109146,0
10193760,2
10029062,2
7671519,1
10854520,1
10494720,-4
6414747,1
2938496,1
4948889,3
7590993,2
11173141,0
10719369,1
9936834,0
11132325,1
6674648,0
11171453,1
3096094,1
4526288,0
4526288,2
1839946,3
10791231,1
9518098,0
8060611,0
11148219,0
8045308,3
11146521,-2
9919507,0
7873912,0
9431573,1
687739,3
8051444,-1
8526986,1
8526986,1
8051444,-1
5565466,3
5610840,-2
10209499,3
4150078,0
9281012,1
9585967,0
10729703,0
8206409,0
4808588,2
8846998,1
8795734,1
11100832,0
10230456,2
8417039,1
8526986,1
11025776,1
3524158,2
2110805,4
2006697,2
4436803,0
2293224,0
3403590,0
4701426,1
7081275,0
2716095,-1
10755534,0
2198720,1
11078228,0
1334657,2
11053304,0
8389470,-1
2006598,0
9677043,4
5431734,1
5847425,11
7158436,2
7637930,2
9371703,1
6752994,-1
7637930,1
9840637,2
4948889,1
10719369,0
1437138,0
10335144,0
9615917,13
10416218,1
3524158,0
11047864,3
927827,2
11046173,0
5868293,1
5868293,1
11024951,1
11038901,3
3146365,0
11035634,2
8293309,2
6647375,1
1058584,1
4948889,1
2938496,0
501054,0
7852656,0
10719369,1
2717063,1
3088202,1
8727339,0
10985548,-1
7420623,2
10834788,1
825227,0
2129285,1
5413088,1
9530105,3
10834788,0
11000498,1
10865832,0
7347631,2
7759833,0
825227,1
8160881,1
8051444,0
9530105,2
8051444,-3
10429891,1
9177877,2
6525082,0
9530105,0
4436803,1
1305886,0
6083404,0
10603191,1
10791217,0
9111050,0
10719867,1
10964500,1
10883088,0
10422855,3
8211523,1
6162307,2
7932273,3
2504762,0
9800981,2
5939036,0
5939036,3
9228219,0
10913191,0
6865678,2
10938654,0
10780075,1
9800981,1
4803521,-1
1696605,1
9530105,0
3685856,18
8222863,0
9924147,1
8003817,-1
10067043,0
8727339,1
3796599,0
7932273,1
9512152,-5
8474517,-1
6699237,0
10831574,-1
1467082,2
7420623,3
7644267,1
4984061,2
10891071,-1
6636181,0
10335283,2
9772551,1
9542954,1
9800981,0
10865832,3
7004463,0
10865832,-2
10801499,0
3116949,1
8741108,1
10542945,1
965778,0
10818522,0
10112876,0
1243255,3
10801499,3
7476771,0
8207612,0
10507187,3
10833061,1
2397318,11
6338443,1
5129031,5
10464813,1
9143467,1
7802345,0
9968110,1
10838789,0
5604992,4
9331478,0
10767482,0
10830071,0
9367412,0
10742470,-1
4520017,1
2598876,18
10821372,1
10805303,0
4966699,1
5120089,2
10770660,3
7420623,3
8727339,2
2293224,2
10211367,1
10150468,0
10516752,-4
9590712,1
10133689,0
10813833,1
2170140,0
4317794,-2
8791503,0
651174,1
9431057,1
9978457,2
10332687,0
10719867,1
8791503,3
4964409,2
10741532,2
439621,0
439621,1
10789500,4
10720165,2
4150078,0
2304735,-1
9775974,0
9840637,-1
3277133,1
1941253,1
9420988,2
10543130,3
10133689,0
9177877,16
3277133,2
5656327,5
3228542,1
9210757,0
10376194,2
10395806,0
10481797,0
6912791,0
9832302,0
6896605,1
5820814,1
5820814,2
5820814,3
8849216,0
3446351,6
2362852,2
596841,4
7420623,0
7000874,-1
8468264,4
6945824,0
2867882,0
8469518,-1
7644562,3
5820814,6
7058823,1
10582772,-1
4150078,1
5713272,3
10326478,2
5704863,1
9760446,2
9747311,2
8335487,5
9467345,1
8335487,0
9177877,3
2782382,0
8335487,2
6540590,1
4150078,0
10512735,1
3277133,-1
8080957,1
9773812,1
5453723,9
1155578,0
10706811,0
3277133,0
10655721,0
10339255,0
10395806,0
9590712,3
9590712,4
7166834,1
5071733,1
10395806,3
9933449,1
9563832,0
766708,0
10395806,1
10096185,-2
2260344,0
4520274,0
3936294,0
10586136,1
8482467,7
1970751,3
8688154,3
7376796,4
9776699,1
8224364,3
9794732,2
3800761,0
2649064,1
8916344,3
5218354,0
3277133,0
10609992,2
2298012,1
2298012,0
10530575,-1
7081275,1
9932027,0
7810784,3
10464893,0
10361602,3
3277133,1
3277133,1
1243255,2
9629771,3
3277133,0
10535881,2
3277133,1
5071733,0
3277133,1
3277133,1
3277133,-1
7698116,0
10561031,-3
10518845,0
9289272,1
613326,1
10453850,0
8792365,2
4370943,14
4984061,0
10538114,1
9466906,1
9629771,1
8167871,0
2397318,0
8636829,-3
5597304,3
9629771,1
10529316,0
2960173,0
7763266,1
9153261,2
7086487,1
8468264,0
9629771,0
3448738,1
4394147,0
9629771,0
6375136,1
9882094,1
8444827,-1
8382707,1
6227378,3
4984061,0
10489612,2
3277133,0
10424268,-1
8167593,0
3088202,0
3987860,1
3088202,0
10477783,1
3432888,1
10117424,2
10117424,2
10117424,-1
681132,12
10458537,0
8570006,0
7420623,0
8570006,1
7420623,0
3426338,0
3642360,2
10321210,1
10445593,1
3494669,0
1305947,2
9218680,2
6279440,3
2529125,1
6387095,1
3259331,4
10095708,0
3277133,1
10133689,1
802589,1
10112876,1
2560244,1
9347860,1
9348255,1
8916162,0
9991654,0
8791503,1
6642287,0
2560244,1
10375012,1
10053244,0
10375012,1
7204030,1
9080252,0
6454830,0
10321210,2
8612523,1
10312635,0
4513726,1
3472679,2
9678643,2
10384413,1
10084965,2
8791503,0
2335020,1
601787,0
5709240,-1
10369881,0
10361602,3
3448738,0
5963678,1
7586544,1
9161067,1
7111382,3
10205020,0
3645735,1
7319366,1
2943311,1
6198903,1
887651,1
3441488,1
7319366,7
2700041,0
887651,0
9615917,0
3277133,0
9629753,1
9530972,0
8670757,1
9838554,0
10324442,2
5560898,0
5560898,0
5560898,3
1725377,0
4923281,0
3861199,-1
7925866,0
1725377,1
5724487,-1
4631379,0
3277133,-1
10099689,2
8377782,0
8951220,1
9645702,1
9874096,2
6109920,0
4850343,3
7319366,4
10112632,0
8364914,3
1725377,0
9118733,0
5560898,2
5560898,0
8203242,1
10112632,0
5560898,1
9493987,1
9493987,1
3880322,0
7134583,0
9524848,1
8705615,1
5560898,2
8705615,2
5560898,1
8705615,2
10211367,1
10266803,1
6236543,1
5560898,1
4487782,2
5560898,2
10230503,0
3277133,1
8542692,0
5560898,3
2493856,1
10139745,0
5703997,0
9161067,3
5560898,1
7332095,3
5560898,0
10223705,1
7183666,0
5560898,0
5560898,1
4150078,1
5306198,0
2493856,1
8364914,8
8878774,0
2493856,0
6311520,12
5426588,2
10245736,1
3277133,0
3277133,1
6220759,0
6356356,0
7319366,1
9341104,1
4172411,4
164148,1
10112632,1
9919494,-3
7518091,2
9793589,0
4005417,2
10215211,2
9161067,0
7795084,2
9727789,5
288609,1
4727608,0
10206336,2
8791503,2
7518091,-3
7489488,0
8683269,0
10174011,0
6296473,1
9923495,1
9814693,2
9500464,2
5661594,5
10179907,-1
10087103,0
7319366,2
3701435,3
7004463,2
8854868,3
10164199,0
10112632,0
9754169,1
9814693,2
9851762,0
7319366,2
4862326,0
7319366,4
5229651,0
7590993,0
8881141,2
10118268,-3
9814693,0
4930767,0
3262260,2
5776061,1
7938217,2
5286020,1
3277133,0
3277133,0
10139784,1
3277133,1
5703997,1
3277133,1
2987780,3
9851762,1
9814693,1
1175276,1
4650297,1
7319366,3
4948889,0
10065224,0
7808960,0
4948889,1
9729566,0
420892,1
1718956,2
10112275,0
7092900,2
2731627,0
7692763,0
4948889,1
4948889,6
6944193,1
7361872,2
8526986,1
7058823,2
9978457,1
10095849,3
9978457,1
4713504,2
5149847,1
7590993,1
8526986,1
5704863,1
8863651,2
4948889,0
7590993,0
8007037,0
714319,2
2520416,2
7166834,0
2520416,3
8007037,1
9305523,1
8007037,2
9431057,0
6930275,0
8117146,1
8913334,-3
2366975,3
4948889,1
1021602,3
8117146,0
8377782,1
4949486,3
10002343,-4
7290240,2
10022489,0
6571807,-2
9749924,3
5856119,1
2560244,1
4447920,2
4930767,1
10028257,2
6664990,1
9896697,0
9347149,2
6027759,1
8679965,0
9978457,3
9478255,0
4140027,0
7828747,0
6621095,0
9099959,0
6476801,4
7705108,0
9915008,2
6328506,0
10002855,1
3071728,4
6745924,1
985805,2
9298540,4
714319,2
9099959,2
9755419,1
9979425,0
9280381,2
9976400,1
9119615,0
8306666,1
7252868,0
9983733,0
4923452,3
2908926,2
8421707,2
9978457,1
6383397,0
9814693,3
8602567,1
4140027,3
9430995,0
8385787,2
5089491,-1
3154212,1
9928075,2
9927674,0
9927674,1
4950219,0
9927674,3
8683269,0
7406634,1
4210341,0
9840637,1
6064886,2
9572558,-1
1134881,1
3860993,0
9730578,-1
1362485,2
5305512,0
4208085,3
9656021,4
8791503,1
3088202,3
9933618,0
1161841,0
7398654,0
9929376,1
5703997,1
1972924,0
7476643,0
5753159,1
9099959,1
8243279,0
8493059,1
6043544,1
9563832,0
7535911,0
9467345,0
8838657,3
2463655,1
4140027,1
6818308,3
4140027,1
9814693,0
9814693,4
9814693,1
9456633,-4
9150656,0
3088202,-1
3088202,1
219981,1
9863366,3
9814693,0
8240649,1
8874771,-3
9814693,4
7587197,0
4446712,1
1509695,1
9850287,0
5256982,2
9838554,0
8315659,1
8558369,1
6009803,3
7166834,1
9826042,2
9814693,0
8482467,1
2835670,3
7980137,2
9739252,3
3766129,1
9797393,-1
8973011,0
7902058,0
9788627,0
9745413,-1
9516819,1
5729272,1
3837482,4
8716856,1
8421707,2
2044409,1
5092352,4
4447920,2
8345434,2
6648980,1
9290070,2
5171347,-6
1520833,0
4288043,2
4447920,0
7891534,2
2188011,4
5171347,1
6741482,1
2497039,0
9740269,0
3766129,0
8595091,1
9313270,0
9696894,1
5280293,0
2948334,-1
9299259,-5
9559162,1
9717606,0
9716975,2
7705108,3
5065796,2
8792365,2
4766576,1
7938217,3
9693433,0
9687599,0
8315879,2
6133106,0
8867891,2
5550284,0
754176,1
6736266,-1
9614582,3
4663377,0
9158985,3
3449832,-1
5424671,2
9648755,0
9253686,1
9586779,0
7327411,4
1362485,2
1362485,2
3180386,0
3990451,1
4916699,11
4815958,-2
9615917,2
9609898,0
9605440,1
7552761,2
4957735,0
714319,-1
1312791,1
7930571,0
9592244,2
4001750,0
4051357,1
3180386,2
9586779,0
6073158,-2
7786035,-3
9548894,-4
104071,3
317331,1
6043544,-1
4145446,1
6289601,1
7955476,2
6932758,0
9350722,1
699010,3
9194769,0
5894276,-2
9203524,-1
7638174,2
7954504,0
9549286,2
4490400,1
3766129,1
9325434,0
3688956,1
7087474,1
7826511,0
2037081,0
9396878,0
7422287,1
8783169,1
9047139,4
2514936,1
7696283,2
5703997,0
7420623,0
9305276,1
5703997,2
7696283,1
5703997,1
6382434,1
9463464,2
8102068,2
687739,2
9470055,1
8972207,0
8972207,2
8637577,3
9466906,-1
9203524,1
926438,1
9396878,1
9396714,2
1634753,1
1634753,0
1087908,2
1634753,3
7273886,1
8372455,-2
5312971,3
8753634,4
9011271,2
3180352,2
3762120,0
9346665,1
7426965,1
8300917,2
7638546,3
8300917,2
8138305,0
4561777,3
171318,3
3071728,0
8879248,1
6468053,2
7637930,1
4288043,0
1718097,3
9418328,0
7932273,1
9203524,2
8624402,1
5236124,0
3088202,-1
6043544,0
6638903,1
6638903,-1
7564704,3
8848555,1
9378512,0
8154776,0
1845408,0
7204030,1
1709088,5
9378071,0
9367408,0
9273350,-5
4288043,0
1015633,1
7166834,3
3534551,1
5839247,0
6938066,1
9347541,0
3630656,2
3294962,0
755671,3
8218216,0
5993523,0
9095587,4
9324531,0
7933539,-2
9298373,0
45963,1
7070600,2
45963,1
8415577,2
2676049,3
6916973,0
6780117,1
2990509,0
6096742,2
5120955,1
9203524,1
5985921,2
9198400,2
4710845,0
9248279,2
9252198,0
4363045,0
9108912,0
9099959,1
3177936,1
3581217,2
4288043,1
323303,3
7426965,4
8349184,0
6768052,1
8960574,0
3762120,2
3120489,3
5839247,1
4148807,0
4949486,1
5336019,1
5862295,5
5336019,2
8936256,0
9173983,2
7595201,-1
4796694,1
5438460,0
7452651,1
7478456,1
7086216,2
9134181,0
8047989,1
8801308,0
9036931,0
8801308,1
9117548,0
5100922,1
9045698,1
9045698,1
7535156,-4
9099959,1
4266087,1
8940097,1
6343187,2
7853947,0
9089567,3
7961216,0
9049065,1
8404439,2
9045698,0
9045698,0
9056675,1
8569352,3
9054360,0
9036931,1
8715110,0
9036931,1
9049065,1
9036931,1
9036931,1
9036931,1
9036931,1
5336018,5
7557159,2
5703997,1
5703997,0
4652493,1
5909441,0
8401921,1
4681134,47
4896331,0
7853947,-1
2740727,1
8970878,0
4608626,14
1876739,1
7478456,0
1734278,1
5109802,1
5665505,1
7679796,0
8555729,0
5703997,-1
7804991,0
8977872,0
766708,1
8961231,0
4585713,1
7026806,0
501054,1
8950775,0
8950412,0
8945029,0
7954504,3
3986320,2
501054,1
6020610,1
4035529,0
8267109,0
8479607,0
2026781,3
8381385,0
757590,0
7171587,0
8479607,1
6560626,2
7823253,1
7620499,0
8799263,1
7805829,1
2904588,10
5141727,-1
7300005,5
8458838,1
8238124,2
8238124,2
6720997,10
7388024,0
3088202,0
8579043,0
3088202,0
8317830,0
7183881,1
2717063,1
3166881,0
905423,2
8729326,-1
8728073,1
7751504,0
8722810,0
5868293,1
4990359,0
8500760,2
7469605,4
5421539,0
7853947,1
2480769,1
3259331,0
8690470,0
8684491,2
8664762,1
8664762,-5
8622826,0
2717063,0
7853947,1
2717063,4
7646954,0
8315819,1
2717063,2
2717063,0
7326305,2
7954504,3
2856558,2
8525203,1
2717063,1
8194773,1
8622826,0
5624176,0
5703997,0
6678835,0
2717063,-1
8572491,2
5703997,2
2717063,0
2717063,2
8592585,3
566676,1
2717063,2
8144295,0
4623656,1
1773344,2
4825905,2
8543025,2
7954504,1
2244081,6
7926383,1
6678835,0
8409191,1
1028589,3
2950747,8
5240684,0
8484483,2
8266561,0
8266561,0
7492284,0
8290376,2
5571914,1
6421290,0
4663679,3
8351688,2
8436383,1
6052531,2
4321039,0
3437787,3
8419482,1
7528751,0
8328781,0
7781835,1
7855154,4
7265880,1
8267167,2
8293896,1
3200391,4
8290376,0
5571914,1
8081595,-1
2719598,1
7547749,0
8386173,1
4609018,0
7672533,1
1539741,3
8372455,5
7672533,0
8183395,2
7672533,0
5626112,4
7528751,1
687896,2
6803114,2
4537383,1
7786493,0
5120955,1
4898964,0
4348534,1
6901159,0
2208922,2
7492284,0
8290376,1
2394952,0
7904019,1
7849851,1
7900140,-1
5312971,1
7492284,-1
2562744,3
8229816,1
8290376,2
4949486,2
8286317,0
4459434,3
7954504,0
7993873,2
8229816,1
8266561,-1
8266561,0
6005062,2
5312971,2
8227494,1
7574860,0
8208467,2
6026929,3
1058584,2
1734278,1
4704969,2
8177554,1
1738879,7
8172319,2
5312971,0
6304017,0
7836530,1
8000201,0
470184,3
4043845,0
3864014,1
6916973,1
6537007,2
3731467,0
7882136,8
7037746,1
5277879,0
7204030,2
7584467,2
673760,3
4745249,1
5474317,6
3991782,0
7683796,1
4972716,2
1627234,2
6560626,-2
7964299,1
6866170,0
6916973,0
6439828,2
7914683,2
5024531,0
6560626,2
7172306,1
7620879,1
977038,0
6560626,0
7857104,0
1115277,0
4114372,2
659463,1
7820917,1
4949486,1
2302819,9
4043845,3
6916973,0
4043845,3
6916973,5
3356309,1
5332464,1
4043845,1
4923281,0
7469605,2
4043845,4
4262057,3
7565818,1
7593646,0
7565818,3
1290680,0
6916973,1
1838999,1
7565818,3
7391006,1
4559679,2
6916973,2
6916973,1
7696422,0
7469605,1
6916973,4
6916973,3
7565818,2
2897989,0
3848207,2
1761521,1
4949486,6
2366204,2
5791826,5
489564,0
7112155,9
1761521,3
7615984,1
4394770,2
7126986,1
7457873,2
6916973,0
4140027,2
7265880,3
5224728,1
7565404,3
2335820,-1
6377863,1
1290680,1
3259331,1
1290680,4
3259331,4
6916973,3
3225420,0
5696518,1
1500255,1
3917349,1
7505513,0
3993270,2
6637269,0
7493449,0
6592934,0
58634,3
7400738,4
7469605,3
6592934,2
7416134,1
7220655,0
6106842,-1
7421001,0
5665505,2
717880,4
3113510,1
6950889,1
7323821,0
3993270,7
4781358,0
5155413,4
7179203,1
4140027,2
4140027,4
2396502,1
950280,1
7350180,0
1909918,2
7329278,4
7323821,2
6437260,7
7304040,0
5316326,2
6511941,3
6895009,1
7008941,1
5467595,1
3160007,0
3812967,1
3142347,0
1909918,1
4928920,12
5869177,1
7008941,1
6646696,0
7008941,1
6539435,2
7008941,1
5452748,0
4727766,6
4727766,0
4727766,1
7008941,2
6858597,2
4370943,1
4727766,0
4727766,3
4140027,0
4727766,0
4140027,1
4114372,1
4114372,8
6895009,0
7076909,0
4114372,1
5834316,1
5584020,0
4570230,1
1067308,1
6866170,4
1269634,0
2965601,0
2965601,0
6828360,1
2039162,1
3751373,0
336527,2
1086688,5
6470375,5
6244166,2
3447158,3
1414455,0
5435124,11
2825637,0
6681502,3
1909918,0
6418963,1
6665281,2
959937,2
4596596,2
1017917,-1
1017917,3
6377863,9
2789717,5
5586178,5
4642859,3
226897,1
1909918,1
2677517,0
4596596,4
771848,1
2333196,4
6096125,2
6538950,1
6377863,1
6311384,1
2869667,1
6377863,0
6450762,0
4032552,0
4972716,-1
6311520,4
5630994,1
4972716,0
336527,2
6311520,4
5857901,1
4392566,1
514210,3
6311520,1
6311520,3
4716552,1
2826011,3
6311520,1
6311520,1
2826011,1
6246100,-1
4972716,-3
1181744,10
5816243,0
4972716,0
4972716,-1
6240629,-1
4972716,-1
4972716,0
4972716,3
2826011,1
2826011,1
3798597,0
6168738,0
961346,1
6168738,0
6168738,1
4774724,0
4797524,0
4972716,2
4972716,0
6106301,1
336527,1
336527,3
351204,1
1082349,2
4505983,1
6019463,0
5435124,-1
674301,0
3079439,1
1941253,-1
2851730,1
5943247,2
5931373,0
4723039,3
3682157,6
5872497,2
5826447,2
3165737,0
2044409,2
5799632,1
1718097,2
5286020,0
5569314,0
690430,2
5712829,0
5252013,3
3675040,1
4804108,5
5435124,1
3381215,3
4864088,1
4138764,0
1232891,1
5583022,1
2293224,2
283296,3
4805990,2
3682157,1
3682157,1
3034614,2
2044409,1
3165737,1
2044409,1
4805990,0
2669472,1
3165737,1
5160111,3
283296,3
4526367,2
1763955,1
3675040,0
5006885,0
2300461,1
2044409,1
3675188,0
2526657,0
833300,3
2526657,2
283296,1
3919467,3
4110613,1
283296,2
461202,2
833300,1
984201,1
2300461,0
833300,-1
3199212,0
2300461,0
4169229,1
2766558,2
3682157,0
3682157,7
3682157,1
461887,20
3682157,1
3363026,0
283296,0
3765319,1
283296,2
847663,4
1502345,5
847663,1
1588795,1
1588795,1
2468646,-5
2935984,2
1650436,0
2445114,4
1786316,7
9375102,0
11938023,2
4001592,2
4592059,0
1422451,0
4238408,2
9530105,1
2901002,1
12026290,0
11492024,1
11903814,0
11608340,2
8103056,1
2901002,1
4001592,2
10576723,0
11897007,0
9103445,-2
9698684,1
11363434,2
9563006,0
1428102,1
12017165,0
4238408,0
7964527,0
10693860,0
10908375,1
11938023,0
2535611,1
12007010,0
12413110,0
9081267,1
10867430,1
10197418,0
9325592,0
8990534,0
11080708,2
8158497,2
11080708,1
4238408,0
10679867,0
2901002,2
1838257,1
4238408,1
2901002,1
10801094,0
11938023,1
11500955,0
9177877,0
10443817,0
10189214,0
8380272,0
11610186,0
11140418,0
12382828,0
6031995,1
1397946,1
2509344,0
606496,1
12305476,0
3714404,1
6564620,1
12377933,0
1838257,1
2901002,2
3444923,1
9840637,0
10968232,0
7964527,2
7932273,1
2901002,0
9908952,1
5868293,0
1435167,1
12377933,0
9153298,0
5417511,0
12358506,0
2110417,2
2901002,2
10244126,0
11796003,1
12377205,2
10885275,0
2901002,2
4185364,1
2901002,1
10913001,1
10913001,1
1212401,0
9698684,2
2901002,2
8205554,0
8973620,1
2901002,3
7932273,1
2901002,1
11945002,0
6031995,-1
11897007,1
6520041,0
7525328,1
10189214,0
8205554,1
8773779,0
7508700,2
9565737,0
11585842,0
3633891,0
12023442,0
9375102,0
11884237,0
12340241,2
8300135,3
11205149,2
9375102,1
11566849,1
11221013,5
10908375,2
2901002,2
12289098,2
5703092,0
9976350,0
12115549,0
4909087,5
6858244,4
5375464,0
7805917,4
2166823,0
11503139,0
6881240,0
2901002,2
2901002,3
4876561,0
11985376,0
7964527,2
11301900,0
9544516,0
8143615,-1
8084805,1
2901002,1
8708364,0
7964527,0
2901002,2
7964527,3
5335066,0
7388477,1
11227308,0
1353723,0
10818128,1
9081267,3
11842941,0
10828043,3
3348264,1
3185459,0
2901002,2
4238408,0
8708364,0
953482,1
6359622,0
10551138,0
4492008,0
8188139,0
2592393,1
3633891,0
9184784,1
7431860,1
12081954,0
10551138,0
7013419,0
5120049,0
12276720,0
2901002,3
4098013,0
1428102,0
4001592,1
2411802,1
7964527,1
8305660,0
2901002,3
11232091,0
9284423,3
9375102,1
4669778,0
2411802,15
8208006,1
5811078,2
2700072,4
8538536,0
6893963,0
4590385,1
4238408,3
4238408,1
2535611,3
9377366,4
11884237,0
2411802,1
7340317,1
7340317,0
8973620,0
9728163,2
8805315,0
11051292,0
6321559,0
9284423,1
10189214,0
11884237,2
6901690,0
10189214,0
9284423,2
532312,1
9150294,-2
12023442,0
9641680,0
1838257,0
2901002,0
10189214,1
10418812,0
2538939,0
2901002,2
2901002,2
532312,0
1927583,0
11884237,2
11884237,2
2851685,2
4238408,1
10189214,0
9081267,2
9081267,2
2205969,0
2851685,0
12096012,1
11643870,2
11884237,1
11897007,0
9874393,1
4527988,0
9872839,0
5908433,0
4939844,0
2901002,2
4238408,2
2411802,1
4238408,1
2205969,1
6361531,2
4238408,2
3944322,2
6098068,1
11897007,1
9020163,0
4333359,3
9227188,0
11219825,-1
8366805,0
11884237,2
10418812,1
6925185,0
4909087,2
8034914,0
7380779,1
2901002,6
4001592,1
7505395,2
7964527,3
7273237,32
3281978,0
5741205,0
5828160,0
2901002,1
10128550,0
3279716,1
2901002,4
2901002,1
10231630,13
7954504,1
8263801,2
1011724,0
3257992,0
3944322,0
2538939,1
8468264,1
11884237,1
9302488,0
7964527,4
12159691,0
3185459,1
7964527,0
12152061,1
7964527,2
2535611,2
7964527,1
5152563,1
10189214,0
4333359,0
4238408,4
5996972,3
9302488,0
9274732,1
7954504,20
2851685,1
4238408,1
2970853,0
3185459,2
11452713,2
11884237,2
3866678,0
6417219,0
5470573,1
2901002,1
4286590,0
8300135,0
1755108,2
9728885,2
9840637,4
11897007,2
2538939,4
2901002,2
2851685,0
2901002,3
3866678,0
10286430,0
2901002,0
2901002,0
9375102,0
3187537,0
2851685,0
3545273,0
8244247,0
10315062,0
8300135,1
6348485,0
12076271,1
1999585,1
11884237,1
7964527,0
12063840,0
2901002,1
9840637,1
4238408,1
2901002,3
7697652,0
11610186,0
3130747,1
1453822,1
6925185,2
2198210,2
2901002,2
9389773,0
8380272,1
10397364,1
7093741,1
11832127,0
6477565,3
2901002,3
5770501,3
1453822,2
4238408,1
1792467,0
9698684,1
2901002,0
2901002,2
9302488,1
554436,0
11063448,0
3483203,2
100297,1
12015722,0
9463227,3
7964527,3
6210239,0
11884237,2
4238408,4
10418812,3
10426037,2
7964527,1
2851685,0
11232091,3
7204688,0
943978,1
2538939,1
7964527,2
2796875,0
11051292,2
2901002,1
11872364,0
10722934,0
11232091,1
5266708,0
1855988,1
6104959,0
11990697,1
3911355,0
6517513,1
4396243,1
67579,1
11932640,-1
10275246,0
7136195,0
3767239,0
5966042,0
7964527,1
3444175,2
11037648,3
2336654,7
6668254,0
11403935,0
2901002,1
7932273,0
1966723,0
9299259,1
4323,2
3935325,4
2336654,4
4333359,1
4854591,11
2901002,2
11884237,0
1651543,2
6925185,0
11610186,1
4674445,1
9209546,3
3944322,1
11908896,0
3161575,0
3185459,1
6893256,0
5847854,2
1139196,1
10713992,0
8380272,0
10791931,0
532312,1
2901002,1
10655111,0
2535611,4
7420056,1
532312,4
8123710,2
2901002,0
9081267,0
10734200,2
8544123,0
1752959,1
9698684,1
7758804,2
10818128,0
7031759,0
9840637,2
11779238,2
10713992,0
9698684,2
3836843,0
3704368,0
11945002,0
2901002,1
7758804,0
11747861,1
6361531,0
7388477,0
11969592,0
2592393,0
10740966,2
9698684,3
3462681,0
11498682,0
2901002,1
10124054,0
3763302,1
2901002,6
9840637,2
4286590,1
3742686,1
1651543,0
5833590,1
9274732,1
9840637,1
11947068,0
11945002,0
2901002,2
11492024,0
2901002,3
7964527,2
7964527,4
2535611,2
10189214,2
2741091,2
2535611,4
3715974,0
11535376,0
51685,3
2901002,2
2703401,1
8733066,0
10713992,2
7333883,5
4909087,2
11864134,0
6512253,1
9025861,1
2538939,1
10837503,2
2947378,1
632227,0
10996274,0
11633355,0
7903159,0
11832127,1
10067043,1
11884237,1
2901002,0
1311943,0
5282702,1
2631973,0
5507529,0
4333359,2
10837503,0
2535611,4
9609447,2
5282702,1
8544123,0
2901002,3
7964527,1
2901002,1
6361531,1
11605063,0
4333359,1
10140310,2
7964527,0
3483203,4
11607986,3
7964527,1
7714279,0
3483203,3
10067043,2
2901002,1
4342169,0
10837503,0
1219295,1
4585963,1
8708364,2
7295157,6
6361531,4
4354477,2
11607986,0
2535611,1
6361531,2
7964527,1
11470719,1
3515631,3
6925185,0
10885502,0
2667536,0
2901002,2
2901002,4
4390160,2
7964527,0
9375102,0
7964527,3
2901002,2
3483203,4
11205149,0
2901002,1
7964527,1
9099959,0
2901002,2
1592364,1
1592364,0
5025009,3
10197418,0
9840637,5
2901002,7
1422451,2
10442615,1
11849973,1
6393053,3
6440173,3
8116223,0
6200416,1
11607986,1
11553043,0
1803908,1
2901002,4
7149485,2
10295265,1
10632473,0
6361531,2
6925185,0
7093741,3
6361531,1
10239974,0
4333359,2
3944322,1
3876609,-1
11170205,1
5114164,1
11607986,3
10295265,-1
9822593,0
10732232,2
8285811,0
7480460,0
11607986,1
9822593,0
10426037,0
7388477,3
11470719,1
7964527,2
2538939,0
10239974,0
5704863,0
11832001,0
9081267,4
2901002,0
2538939,0
423926,0
7964527,1
2535611,1
7988497,1
4895877,2
6770704,0
2538939,1
1592364,0
11607986,1
9840637,1
9840637,1
11607986,1
6361531,0
11205149,2
10473393,1
9840637,2
10018602,0
4337867,1
11205149,2
6925185,1
1628053,0
2535611,1
7388477,1
9840637,2
11607986,2
4238408,2
10997663,0
8094885,1
2988730,0
11797812,3
2901002,1
6941400,0
7711899,0
11607986,2
6512253,1
6858244,0
4245112,1
1753932,0
11643825,0
6512253,0
8874696,0
11607986,1
11489387,1
6265630,0
10189214,0
11665508,0
7964527,2
785673,0
11237863,0
6222977,0
7913251,0
9698684,2
9840637,1
2901002,2
2535611,2
6573902,2
7175713,2
3545273,2
11669446,2
10201580,8
2336654,2
9081267,1
10734525,3
5705476,0
6695849,2
7776603,2
7471822,0
4238408,2
11557974,0
5052365,1
8708364,3
2901002,4
8708364,0
9497687,1
4304456,1
2901002,1
2901002,3
8094885,2
7964527,2
3483203,4
11747121,0
11426718,0
10201580,1
8353711,0
8320861,1
7664524,0
7604642,0
11747861,1
7988497,1
8123710,0
4909087,1
11051292,0
2901002,3
2901002,0
9716278,0
2901002,2
4238408,0
6361531,1
5776838,2
6925185,1
9840637,1
9497926,0
1832058,1
3412660,3
4238408,3
2336654,1
11051292,1
11051292,0
9081267,1
9840637,3
4238408,1
6361531,1
3545273,1
11730027,0
11607986,0
10722934,0
2411802,2
9452151,1
3545273,0
8708364,0
9609447,1
4238408,2
10942935,0
4909087,5
10201580,1
8121719,1
2901002,1
8708364,1
3228542,-1
532312,0
3190076,1
4551984,0
9754169,2
7388477,0
10589070,0
10041823,0
9081267,1
6265630,0
10589070,0
8624538,1
4909087,4
7964527,4
2901002,2
11341077,0
10041823,0
4338000,1
2901002,2
10041225,2
8121719,1
10521959,0
10189214,3
6570888,0
7835267,3
7964527,1
8313460,0
3483203,1
5825760,0
8121719,2
11523400,1
10325516,0
3476346,2
2901002,0
4909087,3
7964527,3
699305,4
8123710,1
2901002,1
5120049,0
4833056,0
9026523,0
1422451,1
576448,0
2901002,2
7117003,1
5502866,0
9311083,1
11631496,0
4909087,2
6511941,0
10033286,0
2319771,0
5847854,0
11015427,0
11592102,1
2997855,1
11600098,0
8121719,1
2535611,0
7964527,1
4909087,2
10157759,2
7964527,2
2336654,1
9081267,0
4909087,4
9081395,8
11032232,-1
9511702,2
7932273,1
2137255,2
2901002,1
9200529,1
1692260,4
2091230,5
6779307,5
2255198,0
1910242,4
704848,7
9024698,0
2901002,0
7131499,1
10888655,1
3545273,1
10157759,1
8008776,0
2901002,1
8708364,1
5331834,1
5359002,1
7964527,1
3717658,0
4238408,0
10067043,0
7371893,0
3806464,0
4238408,1
9840637,1
10331864,0
7964527,0
2901002,0
2901002,2
11247027,0
2901002,1
7867968,0
2032994,4
3474452,0
11486681,0
9360135,1
5811078,0
7964527,0
2284490,2
4238408,2
4238408,1
9840637,2
785673,1
11492024,0
7535419,0
10286422,1
10041823,1
2901002,4
8123710,4
9840637,3
532312,1
2901002,3
7964527,2
7964527,2
10189214,1
8708364,1
8008776,1
1240268,1
9840637,2
103254,0
10836685,1
6926444,1
9081267,3
103254,3
883431,1
2901002,2
7392741,0
9081267,0
5197270,0
6063482,0
2901002,1
8353711,0
9840637,3
10620028,5
3545273,0
4133641,2
7835267,1
10620028,0
4985733,1
7703958,0
8557832,1
9840637,1
8353711,0
2634219,0
4238408,0
8761414,1
9081267,1
6484158,2
7388477,1
7964527,1
7964527,0
7988497,1
9081267,1
2901002,3
10521959,0
4981721,2
2901002,3
10925936,1
10077617,0
10826178,0
2901002,0
2901002,5
6282576,2
2336654,5
10189214,0
6282576,0
10330386,1
11476249,0
1762211,2
2901002,1
4238408,0
7964527,1
7964527,2
3483203,2
4238408,1
1481986,3
1240268,1
7236077,0
7093741,2
9165263,1
2336654,1
2535611,2
2901002,5
11278044,0
10419999,0
5950399,0
2901002,1
8708364,1
2901002,3
6761181,0
4238408,0
9081267,0
10113401,1
7964527,3
10302056,-4
8347081,0
9081267,0
9534184,2
2901002,2
2901002,0
9758660,0
2901002,1
7964527,0
2535611,2
9237823,0
7964527,2
7964527,2
1491895,1
2901002,1
9551447,1
1939996,1
9698684,1
4238408,2
3444923,0
9534184,0
4125116,1
2901002,3
1695172,0
9529048,14
6361531,1
6342575,2
1237531,23
4686625,14
5154274,0
10189214,0
9081267,0
2336654,5
9324678,0
10419999,0
2214597,1
9840637,1
9324678,0
6792743,0
2336654,0
9698684,2
4125116,0
4238408,0
532312,0
7440802,0
10010216,0
11363596,1
7004463,0
9537244,1
7422943,0
9537244,1
5069029,1
9081267,3
2901002,1
6272103,0
11416991,0
6561949,0
10201580,4
6422477,3
2901002,2
2901002,0
2901002,3
7964527,0
6047722,1
10005592,1
5496433,0
7388477,0
9925225,0
6883295,0
7456718,0
7896849,0
7932273,1
7422943,0
11359504,0
8146556,0
2842758,3
51685,1
10286422,2
5847854,1
9081267,2
3483203,3
6287308,2
7964527,2
5032941,0
7964527,2
4932316,2
10307576,0
3483203,1
7964527,1
4125116,2
9081267,1
11390041,0
11015427,1
4238408,-1
2535611,1
7964527,6
7917887,1
2901002,3
6361531,0
9081267,4
7964527,13
10201580,1
7964527,0
10758169,0
7964527,1
2901002,2
9698684,4
4110614,2
7093741,6
8708364,0
2901002,3
10878688,2
11015427,2
10589070,1
4333359,3
3545273,0
10189214,0
7388477,1
5094841,1
5853611,2
10201580,2
5150942,1
10201580,1
2901002,1
8708364,1
6764113,1
1397946,1
7964527,2
4909087,3
1252759,3
2091169,1
7964527,1
10366273,2
9988582,0
4248842,1
5868293,0
4238408,3
9081267,0
794539,2
11255447,1
7964527,0
4333359,2
4125116,0
2336654,2
7964527,1
7964527,2
9028333,0
8874696,-1
2901002,1
8599834,0
9081267,1
3279716,1
2901002,5
4703367,0
9081267,1
11035597,0
10007115,1
5173426,2
11015427,2
10002343,-1
2901002,0
11323870,2
8144553,1
10002343,1
9081267,0
1240268,0
6256482,1
7964527,4
1499803,2
10119199,2
4333359,3
7964527,3
9032932,0
2832011,1
6029105,0
827391,1
7117003,3
9666094,0
1240268,1
2901002,13
4983450,4
4870005,0
1240268,2
6506309,1
6792471,2
9214517,1
2255198,1
6625815,1
7964527,3
11255365,2
2901002,5
2901002,3
2901002,1
4238408,1
4518388,1
7671519,1
6652751,1
7964527,0
6755649,0
7964527,4
10991314,0
4333359,3
10868996,0
2901002,2
10337630,0
2901002,1
2825570,0
8926720,0
2901002,1
2901002,2
7932273,3
2421817,1
9324678,1
11137576,1
7725670,0
6792743,5
9512152,0
4333359,2
3545273,0
6792743,2
10799544,0
7932273,1
4909087,2
9840637,2
4909087,3
6615163,1
6031995,0
9524722,0
9510729,1
8431111,0
11076781,1
6287308,2
2901002,4
10964685,1
10813833,0
7964527,1
4004863,0
7964527,1
9081267,4
4909087,4
3545273,2
9803111,0
7053679,1
9840637,1
9976846,1
8123710,1
2958943,1
4909087,1
423926,1
6349838,1
2901002,3
8208006,1
2570261,1
8123710,2
11015427,0
7237062,4
9840637,1
6287308,4
4333359,1
3284713,1
8410622,3
5322660,0
2864250,1
1762211,2
6881240,0
9803111,4
7938217,2
7077050,1
3483203,1
9512152,0
2901002,1
8228558,1
2901002,2
4550141,0
6220759,0
8111755,1
1294386,1
4278403,1
8970054,1
1831706,0
3967578,0
6797250,0
4673475,0
9803111,0
4333359,0
11161774,0
7964527,0
3711940,0
6779307,1
11180560,0
2901002,1
4909087,2
7812912,2
2901002,1
2901002,2
10964685,1
7505395,1
7964527,5
9108239,1
7671519,3
6792743,4
9698684,5
6286540,1
2901002,1
4819353,5
9081267,1
9698684,2
8727339,1
5847854,1
10201580,2
10712188,1
6674648,0
7237997,1
9742036,1
7053679,0
5855649,1
4909087,5
9177877,2
9698684,2
7053679,0
10142285,0
11150801,0
2695448,-1
10895207,2
2901002,2
2901002,2
5858851,1
4909087,7
1782792,6
6361531,2
5238915,0
3735873,1
2901002,1
11141229,0
8052902,4
2901002,1
2901002,2
4593642,0
2901002,1
2901002,2
9362747,3
7964527,4
2336654,6
4909087,5
10728920,1
5304366,0
3538107,0
5368599,2
366553,0
8846998,0
2901002,1
10734525,1
5692012,1
2901002,1
4323,2
7093741,2
221794,0
1168212,0
7077050,4
9067615,1
10089195,1
4490749,1
6942527,4
7318615,0
9960182,0
2901002,1
9129474,1
11035063,1
7077050,1
6220759,1
3545273,0
2901002,2
9380597,1
4075155,3
5496433,0
6942527,1
9698684,3
6177877,0
9462009,1
3021415,0
2258013,1
10025972,2
2901002,2
8795073,2
6220759,1
10164573,1
7093741,2
9863207,1
11058247,0
8708364,2
4333359,1
6004983,0
6177877,1
8123710,2
4909087,2
2421817,0
4167945,2
9462829,2
11021886,1
196826,0
8120908,1
2695448,3
7932273,2
4001592,2
10888655,2
10972959,0
9698684,3
2901002,4
9840637,3
7388477,1
11035961,0
4001592,1
4909087,4
2901002,2
7678879,1
1240268,1
8899386,0
8953378,1
4267414,1
4001592,0
2901002,3
2901002,1
6361531,1
9840637,1
2901002,2
2084384,5
4893407,0
10834788,0
11019598,0
7165168,1
736937,1
11019173,3
4333359,4
2357112,2
9698684,5
9209546,2
5625497,1
6250439,1
2535611,1
5916727,1
9209546,1
190597,2
10998325,0
10998325,0
2901002,1
9869695,0
10953743,0
2421817,1
4541412,0
9698684,2
9209546,3
9334238,0
10089328,0
9209546,0
4194079,1
6220759,2
2825570,2
7964527,2
1391671,2
9209546,1
5647272,0
4785185,9
9962315,0
3483203,1
2406949,-1
8453690,6
4139744,1
2901002,2
9209546,3
7964527,4
2901002,15
7386332,0
2901002,2
4492932,3
748858,6
8628758,2
5162768,0
7964527,2
9865110,0
2901002,1
5916727,2
7964527,2
4565947,3
9209546,0
7964527,1
8628758,0
5820814,1
4684861,1
9209546,1
9840637,0
2901002,3
2901002,5
2535611,0
6817835,0
7964527,0
2901002,1
2702737,0
2901002,2
6063482,0
1505540,0
7141506,1
7227627,0
100297,1
7964527,0
6047722,1
2901002,0
8539533,0
9177877,0
2901002,3
7093741,1
7223727,3
453475,0
8626601,0
5625497,0
9209546,1
10862252,1
10067043,0
10852841,0
5552309,0
4431194,0
2901002,1
5704863,0
7359176,1
5704863,0
5374924,0
8547198,0
5374924,0
2547724,3
10322766,2
10611983,0
7964527,2
5374924,0
1168212,0
3407256,1
521776,1
9209546,1
5820814,1
3152047,2
9209546,1
4016285,0
8345749,0
6361531,1
9299259,1
4499795,0
6361531,1
6361531,3
4838587,0
2901002,1
9108239,0
4238408,2
4001592,2
5510588,-1
6817835,1
6615163,0
9198381,0
2847946,1
9198381,1
9299259,1
9177877,1
9209546,0
4333359,0
3679377,1
9209546,3
4098013,1
9209546,3
9698684,3
9209546,1
4909087,1
3149277,4
2258013,0
9274732,1
4001592,3
5704863,1
6079395,1
7964527,3
1456927,1
4909087,3
3117592,0
4248842,0
7964527,3
5375464,1
7168104,0
4492932,2
9637318,1
1869152,1
6615163,2
4381487,1
5704863,5
9754169,2
9698684,6
5820814,5
10201580,2
2901002,2
9698684,2
8708364,1
2901002,1
4381487,2
9209546,2
7964527,2
9307263,2
8467973,1
2901002,3
1505540,0
10067173,1
5516874,0
2891152,1
2891152,0
651174,0
542190,2
9209546,1
3639023,1
9209546,1
4909087,2
7964527,2
9505737,0
5820814,1
2901002,2
974555,4
2303761,4
2937831,12
3685856,0
2303761,53
772649,22
2131903,0
4390160,1
6047722,0
6615163,0
6287308,0
1212401,2
2966617,0
4909087,5
4909087,1
2739274,0
9177877,2
4016285,0
9142590,1
9274732,0
7388477,0
9775974,0
7752296,0
9512152,1
3073185,1
5820814,2
7964527,0
4909087,5
5866580,0
7964527,1
4909087,3
7964527,2
4909087,5
9497965,1
4909087,1
7057003,0
9754169,1
10464813,5
6361531,0
4909087,2
2901002,2
7420623,0
7964527,1
8046232,0
6109920,1
7000874,0
8468264,0
8708364,2
9948827,0
10687003,2
7964527,3
8046232,2
4800652,1
8708364,0
2901002,2
4909087,1
7964527,3
541038,0
8146556,1
10653196,2
3390419,2
3288092,1
10239789,1
2901002,2
4098013,1
190597,3
7964527,1
2901002,0
4198852,0
9209546,1
9698684,2
4684861,1
2540669,1
2570261,1
9500059,1
9209546,3
7964527,0
5820814,2
10719722,0
9209546,1
4001592,0
10239789,0
5960182,0
10717233,1
7964527,1
6031995,1
3483203,1
6154287,0
6671176,2
7964527,2
10699910,0
10655721,1
3254400,1
5736515,0
4703367,0
2298012,0
4843503,2
5720196,0
8727339,1
2901002,2
9698684,1
6845383,1
7141506,0
6345518,1
6154787,1
9209546,2
7954504,2
7835267,1
10633290,3
4279661,1
8708364,0
6296473,0
2901002,0
6799297,4
6866811,1
7954504,2
5811078,0
9209546,6
9209546,6
4267414,0
9209546,3
10417489,0
7964527,3
5120049,0
2901002,2
5178905,0
2901002,3
5811078,3
6108661,1
4551984,1
4829258,1
5811078,1
8320861,2
2336654,4
8208006,3
9274732,2
8146556,2
2336654,4
2901002,1
7400128,0
9553594,0
3483203,0
9845763,1
8252763,0
5465130,0
6147621,5
5453723,4
4492932,3
2901002,0
4542359,1
3510736,3
5828883,3
5820814,2
8146556,1
3908247,0
8111755,0
1163373,4
3279716,2
9492673,2
2901002,4
7964527,1
6671176,5
6671176,4
4333359,0
7964527,2
7964527,1
7359176,0
8334261,0
7954504,0
67579,3
8111755,1
2027457,1
3650983,1
4801783,0
8643941,2
67579,2
3483203,2
9209546,1
6342812,4
9108532,0
8305660,0
3894543,0
8146556,0
5535114,0
2901002,0
3740545,1
9799449,0
8811397,0
4008392,0
9209546,0
2901002,4
6858244,0
7171976,1
9948827,1
4025659,1
2901002,2
7505383,2
1766544,3
3254869,1
2535611,1
7964527,2
8046232,2
4333359,4
8283047,4
10169453,0
7964527,1
5704863,0
2901002,2
2901002,3
8683073,1
5820814,2
2695448,0
7473629,1
9629771,0
9177877,1
5383801,0
9305398,0
10321210,1
3423035,1
8320861,1
3483203,1
5806755,0
4984061,0
2901002,1
8146556,1
10325516,0
10255652,0
4585713,0
7964527,2
3462509,0
3386063,0
9754169,1
8335344,1
5811078,0
4333359,1
9202873,0
3483203,4
9209546,1
3877338,4
6361531,0
4333359,3
7758804,0
3483203,4
6671176,3
6004983,0
6361531,1
4333359,2
2799941,0
9371607,1
6348485,0
2901002,2
8320861,1
5276520,1
3483203,3
7964527,2
4800652,3
381179,3
6287308,2
3483203,0
6671176,0
9209546,1
7964527,3
9218680,1
9051284,5
4333359,3
5467038,1
9874393,1
2901002,3
6887528,0
2901002,0
6671176,0
10292474,0
7835267,1
7835267,0
9769953,1
2901002,1
2901002,1
7964527,1
4317058,2
2901002,1
9218680,1
8305660,0
6942527,0
8708364,0
7277561,1
3800761,2
2961541,0
2336654,2
9769953,1
10394826,0
487339,3
7964527,2
3483203,2
5224926,1
10020435,-2
5741205,0
2336654,1
5015569,40
4807458,-3
1541036,20
5182136,6
7964527,3
7862558,1
9902740,2
9067271,2
4016674,1
2336654,3
6480402,0
7964527,3
6671176,2
9202873,1
2260,1
8305660,1
2535611,1
7013576,1
6671176,1
3471881,0
2336654,0
7964527,3
7111382,0
10242229,0
3645735,0
3483203,1
2901002,2
3483203,4
2535611,2
7964527,0
3483203,6
6660373,0
4198852,4
10320838,0
2535611,5
943138,3
8404453,2
10201580,2
8208006,1
10242229,1
9074332,1
9209546,1
4819376,2
6814154,2
1422451,2
6361531,0
9209546,1
9840637,0
4557382,1
8136350,0
7964527,1
7388477,0
3483203,2
6087502,2
9177877,0
2535611,3
7964527,3
8305660,1
4333359,0
5506894,0
7964527,2
9209546,4
7964527,1
2137255,1
9209546,4
9754169,2
9067615,0
8380272,3
6287308,4
3023116,2
2823755,1
7592064,2
4572274,3
2336654,4
6403976,-1
6321559,1
7964527,1
3793674,1
6671176,3
7964527,3
7964527,2
6220759,0
10284439,0
4098013,2
2901002,5
8320861,2
2137255,1
2336654,1
5224926,1
2336654,3
6671176,3
7964527,3
2336654,1
4909087,6
2715948,0
9493987,0
3859224,0
5224926,2
5115805,0
9209546,0
8749168,1
6849682,0
9754169,5
2285236,6
8146556,3
1773367,2
2695448,1
7964527,1
5506894,2
1359058,0
9209546,2
6580543,1
4557382,2
9915320,1
8959807,2
7141506,0
7024766,0
3483203,2
6671176,1
2535611,2
3866172,0
8380272,1
7964527,3
8380272,1
4909087,4
6353021,0
4909087,4
2535611,4
487339,5
7964527,4
4333359,2
3483203,3
4819449,2
3639023,4
7964527,1
7964527,6
146073,0
233813,1
5309300,0
2901002,2
8380272,0
3483203,2
7964527,1
4909087,3
478288,1
3800761,0
3483203,3
9003475,2
2901002,3
9209546,2
2925052,1
7964527,6
4909087,5
8878774,0
7252651,1
6195815,1
1252759,1
3483203,3
7862558,0
3483203,2
2901002,3
2901002,20
230454,0
7273886,2
8258902,-1
1252759,3
4909087,3
4909087,1
10232261,0
2701933,0
4867193,2
7013576,1
6631196,1
2901002,1
9341104,0
9209546,1
2901002,2
7964527,2
2901002,1
3316882,-1
1532172,0
17160,1
532312,8
7223727,0
9209546,2
5178905,2
9936763,2
9161067,0
3483203,0
2535611,2
1717828,0
3483203,4
3483203,0
2535611,1
8380272,1
7579547,1
3483203,1
6552084,0
4585713,0
2535611,7
9461974,0
9413990,1
9937273,2
7847903,0
9067615,1
2901002,1
4098013,1
5916727,0
9209546,1
4909087,1
2535611,2
9209546,3
5299969,3
9067615,0
9546225,0
2799941,0
308903,0
2136892,0
6671176,5
10101628,0
2901002,2
7964527,3
2901002,6
9274732,0
2413201,1
797495,1
2136892,2
7964527,1
2314391,0
6361531,2
9435107,1
2695448,1
6671176,2
7964527,2
5575238,1
2901002,0
2901002,3
9209546,1
2901002,3
4909087,1
4174466,1
2535611,1
9274732,1
1532460,1
2901002,0
4930767,1
2901002,2
2901002,1
8427263,0
190597,2
7938217,1
7173785,1
9299259,0
4737952,2
2570261,1
3490320,0
9209546,0
2136892,0
10011003,1
2901002,1
2535611,3
6615163,0
7964527,3
8146556,3
7571052,1
8166632,0
5811078,1
2901002,0
2901002,1
2901002,2
4492932,4
7964527,3
2336654,2
2759482,1
7964527,1
9209546,5
7964527,3
704848,4
9209546,3
532312,0
4684861,3
2901002,1
8380272,0
2901002,0
3483203,0
7964527,3
2901002,4
8380272,1
4593127,1
7964527,0
9754169,0
4264155,0
2901002,0
7715811,0
6671176,1
2901002,5
3141704,1
2901002,2
7386332,1
2137255,2
7668911,1
7619676,1
2901002,2
2901002,2
9209546,0
532312,1
9209546,1
2901002,6
5811078,2
7746365,1
6361531,4
8007037,0
9209546,2
3704368,0
2535611,2
3483203,3
2137255,3
7386332,1
9806717,0
6930275,1
2303761,0
2570261,1
7964527,3
487339,2
9209546,1
2901002,2
8305660,1
532312,2
9232410,6
2901002,2
2901002,2
2017661,0
532312,1
4323,1
7964527,1
8898218,0
7311767,3
8008776,1
1267132,0
2901002,7
5745211,2
6361531,1
9209546,1
9605907,0
9462257,2
10000141,0
5458214,5
2901002,2
6158987,0
9209546,3
6321559,5
7386332,1
7964527,4
9274732,2
9209546,1
10004959,0
2901002,1
1106952,1
8747,3
870281,1
2535611,1
2336654,5
9609447,1
908494,0
2336654,3
7964527,4
2796965,0
3986395,0
3483203,2
9209546,0
10000506,0
8278193,0
2901002,2
2336654,2
2901002,4
5811078,2
7964527,1
2535611,1
7547749,0
7936002,3
790387,0
3198568,0
736937,2
2901002,0
1018659,0
5649747,1
8471144,2
6671176,3
8259064,3
4737952,0
5374924,0
9664208,0
9968677,0
1509797,0
3112049,1
8371811,1
3483203,2
6671176,2
2535611,1
4333359,0
1592364,1
9034642,1
4340985,4
3154212,-1
9209546,0
3316882,0
6477201,0
8708364,0
4492932,4
2796965,1
3992043,0
416467,3
9209546,2
4210341,1
9085596,2
4871110,1
4800652,0
4909087,1
9209546,0
6361531,0
4323,0
5916727,1
9209546,1
9947339,1
8259064,0
7964527,2
2354344,0
4472331,1
7964527,3
9609447,1
3483203,1
5085211,3
9274732,1
1540468,0
736937,2
7716312,2
1252759,2
4333359,1
9274732,0
9209546,3
2901002,3
2901002,1
2901002,2
9209546,1
3483203,1
4923452,0
9209546,3
4871110,1
2336654,3
9209546,0
8589512,0
3152844,0
5215507,4
7671874,4
2336654,1
9885313,1
4909087,2
7964527,4
7964527,4
7964527,2
2901002,2
3063243,3
9814693,1
5811078,1
2901002,4
532312,1
6671176,1
6671176,2
3520965,1
202229,0
2570261,2
9209546,1
7716312,0
2901002,3
9209546,0
7564333,4
1897678,3
5033247,0
7838574,1
6190930,1
6576244,0
4096283,0
444036,2
2901002,1
4684861,2
8008776,3
2901002,3
4098013,1
8305660,0
5647038,0
4684861,0
3483203,1
532312,0
8605791,1
5741205,1
2867928,5
4909087,4
6671176,3
2535611,2
8839068,1
2901002,3
9209546,0
1975277,0
190597,3
4909087,4
9274732,1
4333359,2
2901002,1
7964527,1
3510736,1
2901002,2
3510736,1
5178905,2
9209546,2
2901002,4
2901002,2
9321816,1
4983450,6
4585963,2
7964527,1
6671176,1
2336654,4
7964527,4
9209546,1
2901002,6
7964527,3
9740103,7
2901002,3
2901002,4
6671176,2
5741205,2
3510736,2
9299259,0
487339,3
9209546,1
2901002,4
4909087,1
702383,0
9696894,0
5745815,0
1648033,0
2296458,5
2336654,1
7964527,1
5508500,0
2336654,2
7964527,7
6671176,3
6361531,2
9209546,2
3510736,2
4766576,0
7386332,1
7565352,0
5828183,0
2823755,0
2901002,1
702383,3
5811078,2
4871110,1
9209546,1
487339,4
3510736,4
2666057,2
2901002,0
5811078,0
2901002,2
8839068,0
3510736,1
9209546,-1
7194881,1
9209546,0
3760920,0
2336654,4
3483203,3
7964527,2
7964527,3
2336654,0
9209546,1
3381215,0
4815958,0
4582949,1
3645903,1
5348862,1
1110687,6
170005,1
704848,3
6671176,0
4333359,1
5907870,1
3510736,3
714319,0
5907870,1
4909087,1
4983450,1
8610165,0
3328804,0
4051357,1
7964527,2
9299259,0
8008776,0
7964527,0
9209546,0
8683182,-1
8008776,0
4343502,0
6671176,1
7964527,2
7907591,2
2901002,1
2901002,0
9209546,1
9055614,0
1568919,0
6866811,0
8072983,2
2373748,1
7207392,2
9253686,1
304093,0
5811078,1
4962332,0
4871110,1
2901002,2
9203524,0
2901002,2
1126841,1
5741205,2
4909087,3
7964527,2
2901002,3
9209546,0
2901002,1
6312276,0
2901002,2
3192400,0
1577947,1
9209546,1
9209546,0
189418,2
5014700,0
4492932,2
667883,2
2901002,7
9209546,2
7964527,1
2901002,3
7932273,2
9177877,0
4001477,2
2074981,1
9209546,3
9209546,1
7696283,0
3318273,0
642070,2
6287308,2
4683950,0
9209546,1
7964527,2
5741205,3
2901002,2
5103802,0
5414307,1
4683950,2
2145789,0
4909087,4
2336654,5
9209546,3
9299259,2
6287308,6
7505395,0
2901002,1
2901002,1
374092,0
7908770,0
7964527,1
2901002,2
2901002,1
5017267,0
4909087,3
4887682,1
6684107,-1
146073,0
2901002,15
6764663,-1
79793,0
5514476,0
1088415,0
9209546,1
9209546,2
3579910,2
2570261,1
6287308,2
3877338,2
2285236,5
7964527,3
8879248,0
7724156,0
4288043,0
4829258,1
9209546,0
2901002,1
9416508,2
2901002,2
7932273,0
2411802,2
9295613,1
2137255,1
1672128,1
4829258,5
4055021,1
9183344,1
4873159,0
8431275,0
2336654,2
2901002,1
6638903,0
2901002,1
2901002,1
9209546,-1
7996271,1
7964527,0
2336654,4
7964527,2
2336654,3
9209546,2
4909087,3
1499803,1
9209546,0
7368203,2
2901002,1
9209546,1
9209546,1
667883,1
9209546,1
5741205,3
1252759,1
9209546,1
8666528,0
2901002,0
9209546,0
9209546,1
6672746,3
9203524,0
1536437,0
1451346,2
1456830,1
2901002,2
6786975,4
2285236,3
2411802,5
2336654,1
7386332,0
9311370,-4
6422477,1
9349968,1
2901002,3
7326738,0
1187220,2
2901002,1
667883,1
5080669,2
9209546,2
2901002,2
2901002,2
667883,0
9209546,0
9183344,0
6361531,2
7964527,1
7964527,5
5241032,8
8218216,0
2901002,2
1534017,1
5741205,3
4683950,1
7932273,0
7964527,1
5741205,6
4492932,4
2336654,3
2336654,1
826983,4
9209546,1
837534,5
5178905,0
532312,0
2901002,3
3727550,0
837534,1
6147371,1
4579041,1
9209546,1
9209546,1
5120955,1
2901002,2
3919467,1
4829258,2
7964527,1
4983450,2
7964527,2
7311767,1
2901002,2
5741205,2
2102114,1
5230735,0
2622907,0
6388994,3
2901002,3
323303,1
4909087,0
5741205,1
6509519,1
2901002,3
5741205,3
7964527,2
6509519,0
2901002,1
5851928,4
8841872,1
6054622,1
3522130,-1
4909087,1
4949486,0
2901002,1
2901002,7
7661057,1
4107693,0
4909087,1
1281485,3
3704482,0
7311767,1
4829258,2
5514476,1
6520041,1
7926383,0
6149882,3
7964527,2
2901002,4
5309300,2
5508500,2
2901002,0
2901002,1
826983,2
9117548,0
8003790,1
4819376,3
5811078,3
7134286,0
9099959,2
8840163,1
2901002,1
7964527,7
7853947,0
2799941,3
7505395,1
4016285,0
6361531,0
4909087,1
9069224,0
7386332,1
1635180,0
6477201,0
7964527,1
7267841,1
6361531,0
534238,1
5003756,0
9017455,0
7134286,2
5116025,0
5602504,1
2901002,0
8715110,0
7761024,0
2901002,1
2901002,0
2901002,0
2901002,1
3480223,0
6022016,0
7964527,0
5003756,0
7964527,1
6927601,10
5173232,2
2901002,2
5741205,1
7106045,0
7964527,5
6361531,10
7359810,1
4505244,2
2049147,2
7747975,1
8166632,0
3177936,0
7381528,0
2901002,1
8320861,0
8478253,9
6900838,1
2137255,4
1930543,0
826983,0
2901002,0
4044103,20
2901002,1
653364,1
2901002,1
4983450,0
996205,1
8896651,1
7964527,2
2285236,1
6287308,3
7847591,0
4887708,1
2464121,2
6361531,0
6139279,0
6781575,0
2901002,2
4800652,4
2901002,2
4800652,2
2857926,1
8945029,0
3339965,2
2901002,1
7964527,1
2336654,1
2901002,1
7851470,1
8756315,2
4366229,1
2336654,2
1240268,5
7954504,1
7964527,3
757590,0
8747665,0
8807079,0
4800652,2
7964527,1
6287308,1
3707720,1
6900838,1
7964527,0
4800652,1
890242,2
8458838,0
2901002,0
6287308,3
2901002,3
5741205,0
2336974,1
1404311,7
7964527,1
5811078,0
6341054,0
4983450,2
5741205,2
190597,2
3619945,0
7780353,1
2901002,2
1972924,1
4909087,1
5741205,1
5205141,1
56541,0
5741205,4
6573902,0
2137255,1
6451244,0
2901002,2
5107488,0
100297,7
8347081,-1
7571052,4
4323,0
4800652,3
2336654,2
2411802,3
2336654,3
3259331,0
2901002,1
7068859,0
3293881,1
6287308,0
7964527,0
2901002,0
4247599,0
8529697,1
4359551,1
2137255,2
4985733,2
2901002,1
2236150,1
2901002,6
7646954,0
2901002,2
7964527,2
2336654,2
6361531,5
2336654,2
190597,3
5393381,3
5741205,0
2336654,1
5393381,1
1453822,0
2901002,3
2901002,2
4800652,1
1782792,1
1506264,0
1506850,0
8381385,0
2901002,0
2901002,1
2901002,1
2336654,4
2901002,2
4900574,2
5741205,2
5741205,1
8194773,1
8368216,0
8435769,-2
1762211,3
2901002,1
2336654,1
2901002,6
4995030,0
2463570,7
5633320,7
2271269,56
3639023,3
2875563,11
8166632,1
2080228,0
2901002,4
7491646,1
2901002,1
2137255,0
7964527,0
190597,4
4642859,1
6361531,5
3135417,0
2137255,0
7954504,0
6342575,3
5276797,13
6343538,0
4800652,1
7964527,2
2411802,5
5741205,15
7964527,3
7964527,0
2411802,2
5741205,2
5916727,0
2074981,0
7492284,0
7964527,0
2324298,1
2901002,3
2901002,4
2901002,1
2336654,2
4760331,1
2411802,2
4832296,0
5026929,0
4365003,3
2336654,2
7964527,2
2901002,3
5075720,2
2411802,5
4323,0
2336654,0
2285236,2
8408934,1
8290376,0
5026929,0
2901002,3
812662,0
2137255,13
5514476,1
2336654,4
6342575,2
4983450,2
2336654,4
4549682,1
2901002,2
1782792,1
6361531,1
2137255,3
1453822,4
2901002,1
6655211,4
2336654,3
2411802,1
7672533,0
4686625,6
4909087,3
8290376,0
2336654,0
7985142,0
2901002,2
3293881,1
2901002,2
2901002,3
146073,1
5003756,1
6361531,0
2336654,4
2901002,4
6361531,2
5741205,2
6361531,3
5448552,0
2901002,2
6065591,2
8231181,2
7214344,2
2901002,1
7746385,3
5741205,1
4800652,0
8144295,0
2336654,2
314922,0
5393381,1
2821252,1
7964527,1
5741205,4
6361531,2
5241032,1
2901002,2
3990806,2
7445833,1
667883,0
2285236,2
2901002,5
4955404,1
8231181,1
8231181,1
8231181,1
5497294,0
5300112,3
2285236,1
7982275,4
7964527,3
1562285,1
1404311,0
1577947,0
5741205,0
2901002,5
7688996,2
2897372,0
2336654,2
2285236,3
4492932,1
7964527,4
2336654,5
6361531,2
67579,2
6361531,3
6304017,1
4049396,1
2901002,1
704848,1
2287299,1
190597,6
6361531,1
2901002,2
7311767,1
7311767,2
3731467,0
6342575,1
6622817,1
1478537,2
3626961,1
2336654,2
487339,4
7311767,0
1240268,1
667883,1
6163621,1
2336654,3
1240268,0
2901002,2
667883,0
5917484,0
667883,0
6277525,0
5741205,1
5741205,1
5741205,1
7000863,0
704848,0
4956987,2
3339965,3
2336654,0
5006,0
2901002,0
5741205,3
2901002,1
7887265,1
2901002,1
5085211,0
1422451,0
2336654,1
3135417,2
2899837,1
5741205,1
704848,2
10335,1
5741205,3
6287308,1
7607701,0
6361531,2
2336654,2
624829,8
2901002,5
839957,1
6817835,1
6203717,0
4323,4
3628236,5
5003756,2
2823755,1
2336654,3
1427416,4
5952674,3
6287308,3
7678879,1
10238,2
311124,2
6207849,4
2336654,3
2336654,3
5741205,1
3558644,2
42346,7
10238,1
42346,2
2336654,1
1753919,0
2901002,3
5741205,2
6916973,1
4356204,1
3558644,0
6053327,1
6451573,5
4686625,0
5869177,0
4787467,1
4686625,2
4983450,6
7565818,1
3027854,5
624829,2
4431535,0
2901002,10
2867744,0
7366928,4
7366928,2
1239729,-1
2748781,10
2901002,3
2336654,2
1562285,0
2901002,2
2901002,3
4082217,1
4323,0
2901002,3
1057443,1
3054161,3
5741205,1
7168677,2
7311767,1
7311767,3
2298070,13
5800230,2
4082217,1
4492932,3
2336654,1
487339,2
6287308,0
682797,1
2901002,2
1993206,0
5741205,1
6797347,0
624829,2
3805500,0
2901002,3
2336654,3
1884171,0
6637269,0
1936114,3
6779307,2
2901002,0
3877338,2
2336654,3
5741205,2
6207849,3
2901002,4
6207849,1
2901002,2
2399894,1
2336654,1
837534,1
5520354,0
2302819,8
240490,0
3707607,2
5741205,8
3707607,0
2336654,4
3067241,2
545438,1
4983450,3
2336654,6
7244759,0
5741205,3
704848,3
5741205,6
5806746,3
4983450,1
5741205,3
2901002,3
3954379,0
4983450,1
4983450,2
2336654,2
3707607,1
3707607,2
2336654,2
4492932,21
2901002,4
5673316,0
2543372,2
2901002,5
4983450,2
1609428,3
6596015,3
2543372,0
1240268,0
6207849,1
5741205,2
7171976,10
6207849,2
6924242,5
49559,1
2901002,2
2857926,2
2285236,2
3025981,1
5741205,2
3339965,8
5741205,1
1474727,2
704848,1
2063361,1
189418,2
2670792,2
624829,2
2336654,1
378704,1
4983450,1
2901002,2
2901002,2
2285236,19
3124409,0
4099813,1
6900523,1
4983450,1
4313064,0
5626112,2
4177078,1
7045225,0
2901002,1
4413446,1
2336654,1
2336654,0
704848,2
1422451,2
5741205,1
2285236,2
704848,1
4291583,0
12663,2
3751373,1
6207849,0
4983450,3
839957,5
5433002,2
3447158,3
146073,3
2901002,19
5741205,6
6414203,0
1762211,4
6669476,0
6207849,1
3558644,3
3765319,0
2901002,1
1681480,1
6657815,4
2336654,1
2336654,0
3455794,0
2483271,1
3732271,1
4983450,3
3165737,8
3846228,0
2411802,2
2087463,2
1225744,0
190597,4
2901002,3
2336654,3
2901002,2
2411802,0
2336654,1
2285236,4
5648958,3
5717589,2
3293881,3
2336654,3
2901002,2
6540219,1
2285236,1
1439745,1
4983450,3
1251596,0
3339965,1
2901002,3
1494637,0
1494637,0
2336654,1
5805289,7
6005451,0
1101713,1
2336654,2
699305,0
2901002,2
5314012,0
4585963,0
2901002,1
3657742,2
4686625,4
2411802,1
2336654,0
2901002,3
1494637,2
1494637,1
4317058,1
5741205,0
5717589,1
2901002,2
4983290,1
987185,1
2901002,2
1320510,0
2336654,1
1227991,3
786593,0
5019586,0
1624921,1
6259990,0
2549021,1
6259990,0
2635790,1
2826011,0
2357112,2
3991649,0
4983290,0
5741205,1
1771479,0
5741205,1
5741205,1
2901002,0
3628236,2
1910242,0
2137255,2
2826011,1
2411802,1
5741205,3
2901002,0
3691783,3
5402048,0
704848,0
5976265,4
3474956,2
5331112,1
4394564,0
3077059,0
5910654,1
4542359,2
2699288,2
3510736,3
2901002,0
2411802,0
351204,0
2901002,1
3510736,1
2411802,1
2901002,0
674301,1
1502891,1
2901002,1
4542359,1
4667484,1
4667484,2
2028710,2
2142055,0
2901002,4
2370124,0
2901002,0
5276797,0
837534,1
2070074,1
5142797,0
2901002,1
2901002,1
837534,1
704848,0
1494637,2
1968405,1
690430,1
704848,1
5712829,0
2901002,2
1240268,2
2411802,0
1494637,1
1857805,0
653364,4
4720640,0
1494637,1
2411802,1
707650,3
257465,15
2141635,1
4807623,-1
487339,1
704848,1
447015,1
487339,3
704848,2
795990,1
487339,3
2699288,0
704848,4
3165737,3
704848,0
1245190,1
704848,2
3877338,1
5160111,9
190597,4
180709,2
317130,2
3394978,1
5014134,0
3898293,0
3868428,0
5014134,0
3675040,0
487339,1
704848,4
1240268,2
170005,1
3437504,1
1113211,0
918959,2
1968182,0
487339,2
4077912,1
704848,3
487339,2
1628722,8
704848,3
2141635,3
190597,3
844823,1
190597,2
3334852,2
3849456,0
498892,1
1678467,0
1744834,1
1289107,1
833300,-1
1827356,0
2300461,0
190597,1
190597,1
1222578,8
704848,30
298607,3
2487184,1
1240268,3
653364,4
3599890,4
190597,11
1240268,5
847663,0
1588795,0
1240268,4
137783,1
1240268,3
625914,3
1240268,0
1221924,5
398968,2
644898,7