from	to
10130636	9375102
6225526	11938023
6225526	4001592
7547385	4592059
7547385	1422451
11956484	4238408
7972788	2166823
9530105	9530105
11578327	2901002
4872347	12026290
11608340	11492024
12369529	11903814
12390973	11608340
11069741	8103056
5092352	2901002
5092352	9698684
9538252	4001592
12289180	10576723
12289180	11897007
666130	9103445
7498328	11363434
12289180	9563006
12275675	1428102
12462059	12017165
11956484	4238408
11956484	7964527
7533983	10693860
7533983	10908375
7533983	11938023
12313190	2535611
12007010	12007010
12007010	12413110
12447125	9081267
11518140	10867430
8053370	10197418
5699604	9325592
5699604	7805917
11989075	8990534
11989075	12377933
12275675	11080708
12275675	8158497
12442832	11080708
11995602	4238408
12289180	10679867
11927597	11140418
11927597	12382828
8795734	2901002
9712631	2509344
1761521	1838257
1761521	4238408
7574199	2901002
9413910	10801094
9413910	11938023
11500955	11500955
11500955	10443817
11500955	10189214
11500955	8380272
12426448	9177877
11939595	11610186
7547586	6031995
11413949	1397946
4694757	606496
4694757	6564620
4694757	1838257
4694757	10913001
12314453	12305476
12314453	3714404
3277133	2901002
3277133	3444923
4430536	9908952
1497720	9840637
1497720	10968232
5231306	7964527
11079456	7932273
8568110	2901002
5868293	5868293
5868293	1435167
5868293	12377933
1497720	9153298
1497720	5417511
1497720	12358506
9976350	9976350
9976350	12115549
5687636	2110417
5687636	2901002
11003573	10244126
11003573	11796003
11003573	12377205
10885275	10885275
10885275	2901002
10885275	4185364
9281012	2901002
5491428	10913001
11363434	1212401
11633491	9698684
5391663	8973620
5391663	2901002
5391663	2901002
11511865	8205554
11511865	7932273
11463582	2901002
11463582	11945002
12352987	6031995
12352987	6520041
10365747	11897007
8797830	7525328
10313194	10189214
10313194	8773779
10313194	7508700
5313508	8205554
12282966	9565737
12282966	11585842
12282966	3633891
12261833	12023442
5703997	9375102
5703997	8300135
12225102	11884237
10332687	12340241
10332687	4909087
10332687	6858244
10332687	5375464
7932273	11205149
7932273	9375102
7932273	11566849
7932273	11221013
7932273	10908375
6428488	2901002
6428488	12289098
12026054	5703092
12331436	11503139
7930571	6881240
7930571	8034914
10262731	2901002
578204	2901002
578204	4876561
11322052	11985376
11322052	7964527
11964370	11301900
11964370	8143615
11964370	5335066
8201945	9544516
1692468	8084805
10885275	2901002
11776529	8708364
11776529	7964527
7149485	2901002
10537172	7964527
11227308	7388477
11227308	11227308
9869695	1353723
9869695	2901002
12134565	10818128
12134565	9081267
12281253	11842941
11322052	10828043
6043544	3348264
6043544	4238408
11956484	3185459
3270244	2901002
9834122	4238408
9834122	8708364
10896502	953482
12292032	6359622
12277274	10551138
12277274	12081954
12277274	10551138
12287234	4492008
12287234	7431860
10719369	7380779
2293224	8188139
6043544	2592393
12288754	3633891
12288754	9184784
11744685	7013419
9161067	5120049
9161067	12276720
3130747	2901002
989185	4098013
10580461	1428102
5868293	4001592
5868293	2411802
5868293	7964527
3431964	8305660
3431964	6925185
3431964	4909087
5868293	2901002
4876561	11232091
4876561	9284423
6043544	9375102
10081864	4669778
2526657	2411802
2526657	4590385
2526657	7273237
1243255	8208006
1243255	4238408
1243255	2535611
5868293	5811078
11246230	2700072
1497720	8538536
1497720	6893963
8820330	9377366
12249994	11884237
1497720	2411802
1497720	7340317
1497720	7340317
9578831	8973620
9578831	9728163
12242218	8805315
3284746	11051292
3284746	6321559
12229568	9284423
2293224	10189214
2293224	11884237
2293224	6901690
6903126	10189214
6903126	9284423
6903126	532312
12224105	9150294
12224105	12023442
10636733	9641680
10636733	1838257
10636733	10418812
8650115	2901002
10896502	10189214
1928522	2538939
9848572	2901002
5868293	2901002
11841670	532312
11841670	1927583
3146365	11884237
1497720	11884237
1497720	2851685
1497720	10189214
1497720	9081267
1497720	4238408
1497720	9081267
10464003	2205969
10464003	2851685
11956484	12096012
11956484	11643870
11956484	11884237
11956484	11897007
9408112	9874393
9408112	4527988
8335171	9872839
12196221	5908433
9629771	2901002
11956484	4939844
2264225	3281978
2264225	5741205
2119941	4238408
2119941	2411802
1497720	4238408
1497720	2205969
10491430	6361531
1497720	4238408
5152914	4001592
5152914	7505395
5152914	7964527
11822295	3944322
11822295	11884237
11822295	10418812
12140563	6098068
12140563	8366805
12177976	11897007
1497720	9020163
1497720	4333359
1497720	9227188
1497720	11219825
11058050	5828160
6343355	2901002
6343355	10128550
1876739	3279716
1876739	2901002
9940344	2901002
490507	10231630
490507	3935325
490507	4854591
5487719	7954504
11653862	8263801
7758804	4323
593450	1011724
12161849	3257992
6238676	3944322
6238676	2538939
1876739	8468264
1876739	11884237
1876739	7964527
11956484	9302488
11956484	12159691
11956484	3185459
11956484	7964527
12156660	7964527
7173956	12152061
10383617	7964527
10383617	2535611
11956484	5152563
11956484	10189214
11956484	4333359
11956484	4238408
5443574	5996972
8684435	9302488
8684435	5966042
8684435	3444175
9310528	9274732
334757	7954504
11956484	2851685
10136912	4238408
946137	2970853
5183031	3185459
5183031	11452713
5183031	11884237
12134565	3866678
11221612	6417219
11221612	6668254
11221612	11403935
11221612	2901002
11221612	7932273
4526288	5470573
4526288	9840637
4526288	11897007
4526288	2538939
11653862	2901002
11653862	4286590
11653862	8300135
4559989	1755108
6083404	9728885
11653862	2901002
10800593	2851685
10800593	2901002
946137	3866678
946137	10286430
11841670	2901002
946137	2901002
11529732	9375102
11198558	3187537
11165978	2851685
11165978	3545273
11165978	8244247
6800041	10315062
11853632	8300135
10443658	6348485
11135962	12076271
11135962	1999585
10458370	11884237
10458370	7964527
12063840	12063840
12063840	10397364
5231224	2901002
10443658	9840637
10443658	4238408
5212614	11037648
5212614	2336654
439621	2901002
439621	7697652
11463582	11832127
11911984	6925185
11911984	2198210
1139541	11610186
3130747	3130747
8266189	1453822
9389773	2901002
9389773	9389773
8484261	8380272
10157833	7093741
11753555	6477565
11753555	2901002
11753555	5770501
10552640	1453822
5487719	4238408
3058703	1792467
3058703	9698684
10450242	11063448
12024038	2901002
10611339	2901002
9727789	9302488
9727789	554436
10552640	3483203
10552640	100297
10552640	12015722
10552640	9463227
10552640	7964527
11833086	2538939
6210239	6210239
9389773	11884237
9389773	4238408
9389773	2851685
9389773	11232091
5487719	10418812
5487719	10426037
5487719	7964527
11948485	7204688
11948485	67579
11948485	11932640
11783776	943978
11783776	7964527
10694466	2796875
10694466	1966723
10694466	9299259
10537237	11051292
10537237	6104959
10537237	11990697
10537237	3911355
12028888	2901002
5487719	11872364
5487719	10722934
5487719	11232091
12005616	5266708
5703997	1855988
9378830	6517513
12024595	4396243
6589617	2336654
6589617	4333359
12018686	10275246
12018686	7136195
3767239	3767239
3767239	7964527
3180386	2901002
9431573	11884237
9378830	1651543
9837354	9209546
11970440	6925185
11970440	11610186
11970440	4674445
11053294	3944322
11908896	11908896
11908896	6893256
9431573	3161575
9431573	3185459
4526288	5847854
12000031	1139196
10803986	10713992
10803986	8380272
3871499	10791931
3871499	8544123
7422143	532312
1228481	2901002
415088	10655111
9431573	2535611
4150078	7420056
4150078	532312
4150078	8123710
11956484	2901002
11956484	9081267
9580869	10734200
4347859	1752959
10829044	9698684
11958749	7758804
10808871	10818128
7535670	7031759
7535670	9840637
11977590	11779238
11977590	10713992
11977590	9698684
11977677	3836843
9283026	3704368
9283026	11945002
9283026	2901002
10647332	7758804
8266189	11747861
7353600	6361531
11872426	7388477
11580723	11969592
11580723	8708364
5703997	2592393
5703997	10740966
8359767	9698684
11956484	3462681
11956484	11498682
11135962	2901002
11135962	10124054
11884542	3763302
10770660	2901002
415088	9840637
415088	4286590
415088	3742686
415088	1651543
9644362	5833590
2022284	9274732
11934674	9840637
11951151	11947068
11951151	11945002
7505228	2901002
8958254	11492024
8958254	2901002
9644362	7964527
11053294	7964527
11053294	2535611
7517610	10189214
7517610	2535611
2658898	2741091
2658898	3715974
11946630	11535376
8339485	51685
5250909	2703401
5250909	8733066
5250909	10713992
11945555	2901002
6664990	7333883
6664990	7295157
6664990	6361531
11941800	4909087
11939521	11864134
11939521	6512253
11810737	9025861
5328289	2538939
5703997	10837503
1033606	2947378
11723688	632227
3993270	10996274
11639342	11633355
2493856	7903159
2493856	11832127
11928649	10067043
10018602	11884237
11456979	2901002
11456979	1311943
8821584	5282702
8821584	2631973
8821584	5507529
8382707	4333359
11729738	10837503
11729738	2535611
11729738	9609447
10407737	5282702
10407737	8544123
11853632	2901002
11853632	7964527
11139350	2901002
11463582	11605063
8446738	6361531
9585960	4333359
9585960	10140310
8301072	7964527
11639969	3483203
11601034	11607986
9083355	7964527
4160251	7714279
11871120	3483203
11871120	10067043
1033606	2901002
11905726	4342169
7728410	10837503
2485873	1219295
3631440	4585963
11880185	11607986
11173141	9081267
5055891	4354477
5072692	2535611
4996042	6361531
7954504	7964527
7954504	11470719
7954504	3515631
10808871	6925185
10808871	10885502
10808871	2667536
10808871	2901002
11816060	2901002
3656142	4390160
1536343	7964527
11600655	9375102
5868293	7964527
5868293	2901002
5868293	3483203
5868293	11205149
5868293	2901002
3058703	7964527
3058703	9099959
3058703	2901002
11878746	1592364
11878337	1592364
667355	5025009
11430761	10197418
11430761	7149485
11463582	9840637
11463582	2901002
4996042	1422451
4996042	10442615
667355	11849973
667355	6393053
667355	6440173
10632473	8116223
10632473	11553043
10632473	10632473
10632473	7093741
2598316	6200416
667355	11607986
11816060	1803908
11816060	2901002
10018602	10295265
11359253	6361531
11359253	4333359
11463582	6925185
11463582	6361531
11846355	10239974
9161607	3944322
9161607	2336654
11737596	3876609
11737596	5114164
11737596	11607986
5124600	11170205
11851719	10295265
9822593	9822593
9822593	9822593
9822593	10426037
11848326	10732232
11848326	8285811
11848326	11607986
11848326	7480460
6843546	11470719
6843546	7964527
8915326	7388477
8915326	2538939
11842999	2538939
11842999	10239974
10537172	5704863
10537172	11832001
5868293	9081267
11793041	2901002
11793041	2538939
11793041	423926
8076217	7964527
8076217	2535611
11838431	7988497
11838431	4895877
7039652	6770704
11836102	1592364
10728472	11607986
10728472	9840637
10704050	9840637
10704050	11607986
11723147	6361531
11723147	11205149
10473393	10473393
9144386	9840637
10018602	10018602
808946	4337867
8150532	11205149
8150532	7175713
8150532	3545273
8150532	11669446
8150532	10201580
11049287	6925185
11822211	1628053
11740957	2535611
2679225	4238408
11113048	7388477
11773938	9840637
11773938	11607986
3249399	10997663
3249399	8094885
10906075	2988730
1479974	11797812
10329877	2901002
11027302	6941400
1750612	7711899
3689085	11607986
3689085	6512253
10808871	6858244
10808871	4245112
10808871	1753932
10808871	11643825
11783204	6512253
11781149	8874696
11781149	11607986
7691211	6695849
7691211	7776603
10750517	11489387
10750517	10734525
4390183	6265630
4390183	10189214
11665508	11665508
3552144	7964527
7420623	785673
7420623	5705476
9921453	11237863
9921453	7913251
9921453	9698684
8700970	6222977
8700970	2901002
2401532	6573902
10375196	9840637
5212614	2535611
5212614	7471822
5813071	4238408
2480410	11557974
2480410	5052365
11027302	8708364
11027302	2901002
11741662	8708364
4058737	9497687
4058737	4304456
4058737	2255198
11027302	2901002
11196704	2901002
10644025	8094885
10644025	7964527
10631079	3483203
4972716	1910242
4972716	704848
9940344	11747121
9940344	11426718
9940344	10201580
9940344	8353711
9940344	8320861
9940344	7664524
11463582	7604642
5868293	11747861
5868293	2901002
11518140	7988497
3143203	8123710
3143203	11051292
3143203	2901002
9195301	4909087
5864214	6925185
9863261	9716278
9863261	2901002
9944937	4238408
6896310	3412660
6896310	4238408
11181726	6361531
11181726	5776838
9099959	9840637
9497926	9497926
10018602	1832058
11600323	2336654
11600323	9081267
11600323	9840637
11600323	4238408
6759267	11051292
6759267	6361531
11731242	11051292
11729738	3545273
11729738	11730027
11729738	11607986
11727943	10722934
4829258	6779307
9161607	2411802
583464	9452151
10808871	3545273
10808871	8708364
270326	9609447
11135962	4238408
11565807	10942935
11565807	2901002
11565807	8708364
7462615	9081395
7462615	11032232
8346493	4909087
9099959	10201580
11312863	8121719
11075330	3228542
11075330	532312
9099959	3190076
9099959	4551984
9099959	9754169
11688141	7388477
11688141	10589070
1761521	10041823
1761521	9081267
9561497	2901002
6436846	6265630
6436846	10589070
2168400	8624538
5967886	4909087
5967886	7964527
9024698	2901002
9024698	11341077
9024698	10041823
11312863	8121719
11666502	4338000
11666502	5825760
5212614	699305
5212614	4833056
3811918	2901002
7547586	10041225
7547586	9026523
11312863	8121719
11312863	11523400
6140832	10521959
6140832	10189214
6140832	3483203
2242044	6570888
2242044	7835267
2242044	8313460
11228769	7964527
8993099	10325516
8993099	3476346
9799540	2901002
866364	4909087
866364	7964527
9024698	8123710
9024698	2901002
11650891	5120049
10895812	4909087
6043544	1422451
576448	576448
4746684	2901002
9895978	7117003
11611758	5502866
11611758	9311083
11611758	11631496
7932273	4909087
11633760	6511941
11633760	10033286
2091230	9200529
2091230	1692260
2091230	2091230
10396157	2319771
10396157	5847854
4701426	8121719
4701426	10157759
4701426	7964527
3848207	9511702
3848207	7932273
3848207	2137255
11600098	11600098
11600098	9081267
292291	11015427
292291	11592102
11623512	2997855
11616334	2535611
11616334	7964527
11616334	4909087
9024698	2336654
9024698	9024698
11196704	2901002
11600963	7131499
11600963	10888655
11600963	3545273
11600963	10157759
11196704	8008776
1768419	2901002
1768419	8708364
10539466	5331834
10539466	5359002
7535419	7964527
11451039	3717658
11451039	4238408
11451039	10067043
11451039	7371893
11451039	3806464
8791503	4238408
8791503	10331864
8791503	7964527
11600963	3474452
11135962	9840637
11091145	2901002
5868293	2901002
11247027	11247027
11247027	11486681
8212173	2901002
11451522	7867968
4133063	2032994
4133063	9529048
4133063	1237531
7469605	9360135
7469605	4686625
4982782	5811078
11588430	7964527
11585893	2284490
11523244	4238408
9024698	4238408
9024698	9840637
11135962	785673
11135962	11492024
7535419	7535419
7535419	1240268
4375983	10286422
8579587	10041823
5868293	2901002
5868293	8123710
5868293	9840637
5868293	532312
5868293	2901002
3116753	7964527
3116753	10189214
3116753	8708364
3116753	8008776
11135962	7964527
4526288	9840637
10396157	103254
10267489	10836685
10267489	9081267
10267489	103254
8051444	6926444
11337707	883431
11337707	8761414
9978457	2901002
9431573	7392741
9431573	9081267
9431573	5197270
11334842	6063482
11334842	2901002
11334842	8353711
10603191	9840637
10603191	10620028
8809326	3545273
6796805	4133641
11325655	7835267
11325655	10620028
8359315	4985733
8359315	7703958
8359315	8557832
8359315	9840637
9218680	8353711
2634219	2634219
2634219	4238408
7462428	10925936
7371506	9081267
7371506	6484158
6571327	7388477
11525372	7964527
7988497	7964527
7988497	7988497
6590393	9081267
5525619	2901002
5525619	10521959
5525619	4981721
5525619	2901002
11390915	10077617
10743315	10826178
10743315	2901002
5868293	2901002
5017586	6282576
11313583	2336654
10428539	10189214
10428539	6282576
10428539	10330386
11446382	11476249
11446382	1762211
6555335	2901002
6555335	4238408
10728472	7964527
10603191	7964527
10603191	3483203
10603191	4238408
10603191	1481986
5806136	1240268
10728472	7236077
10728472	7093741
10728472	9165263
3277133	2336654
3277133	2535611
3277133	2901002
11278044	11278044
8578231	10419999
8578231	5950399
8578231	2901002
9940760	8708364
9940760	2901002
10391795	6761181
11500955	4238408
11500955	10302056
11500955	8347081
8303150	9081267
8303150	10113401
8303150	7964527
6825505	9081267
9670056	9534184
9670056	2901002
10728472	9237823
10728472	7964527
11492682	2901002
11491403	9758660
5565466	2901002
10164637	7964527
10164637	2535611
3512709	7964527
8290376	6361531
8290376	6342575
11451039	1491895
11470433	2901002
11135962	9551447
5849427	1939996
5849427	9698684
5849427	4238408
2085438	3444923
2085438	9534184
11446190	4125116
9994064	2901002
9994064	1695172
6672579	5154274
6672579	9081267
8479852	10189214
11308135	2336654
10100724	9324678
8207612	10419999
6032016	2214597
6032016	9840637
8091097	9324678
8207612	6792743
8207612	2336654
8207612	9698684
8207612	4125116
8207612	4238408
9875052	532312
7440802	7440802
7440802	11416991
11439233	10010216
11439233	11363596
7004463	7004463
11035965	9537244
7422943	7422943
7422943	7422943
4278999	9537244
8507982	5069029
8507982	9081267
11082866	2901002
11135962	6272103
11135962	10201580
11135962	6422477
6941823	6561949
4481339	2901002
10117868	2901002
7932273	2901002
3448011	7964527
4430536	6047722
4430536	10005592
9925225	5496433
9925225	7388477
9925225	9925225
9947248	6883295
9947248	7456718
8361728	7896849
8361728	7932273
9995030	11359504
11131369	8146556
5520027	2842758
5520027	5150942
7930571	51685
11396296	3483203
11396296	6287308
11396296	7964527
3448011	10286422
3448011	5847854
3448011	9081267
11386089	5032941
9988582	7964527
11031361	4932316
11031361	10307576
11031361	3483203
11031361	7964527
331174	4125116
331174	11015427
331174	4238408
331174	2535611
9988582	9081267
9718282	11390041
9718282	6029105
9718282	827391
9718282	1240268
156531	7964527
156531	7917887
156531	2901002
9452512	6361531
4494842	9081267
4494842	7964527
11383307	10201580
208127	7964527
208127	4909087
208127	1252759
11381682	7964527
11343149	10758169
11343149	7964527
7932273	2901002
7932273	9698684
7932273	4110614
7932273	7093741
10797986	8708364
10797986	2901002
10865832	10878688
10865832	11015427
8150532	10589070
11135962	4333359
4150078	3545273
4150078	10189214
4150078	7388477
11031361	5094841
11031361	5853611
11031361	10201580
11218700	10201580
11218700	2901002
11218700	8708364
11218700	6764113
11218700	1397946
2091169	2091169
2091169	7964527
9988582	10366273
9988582	9988582
11322649	4248842
5868293	5868293
4338000	4238408
4338000	9081267
11065684	794539
8797830	11255447
9927054	7964527
9927054	4333359
9927054	4125116
6920946	2336654
6920946	7964527
9580899	7964527
6621793	7117003
6621793	6506309
11338673	9028333
11338673	8599834
439621	8874696
439621	2901002
9988582	9081267
4150078	3279716
6302061	2901002
8749168	4703367
8749168	4983450
8749168	4870005
8749168	1240268
11330653	9081267
11330653	11035597
4004863	5173426
4004863	10007115
11200570	11015427
11322629	10002343
4288043	2901002
11322629	2901002
11322629	11323870
11322629	8144553
11322629	10002343
6480757	9081267
4004863	1240268
684004	6256482
684004	7964527
7247715	1499803
7247715	2832011
5212614	10119199
5212614	4333359
5212614	7964527
9666094	9032932
9666094	9666094
5212614	6792471
7313804	9214517
7313804	2255198
7081275	6625815
7081275	7964527
10193760	11255365
439621	2901002
9758660	2901002
439621	2901002
9988582	4238408
9988582	4518388
9988582	7671519
6744260	6652751
7658885	7964527
7658885	6755649
11246230	3545273
8791503	7964527
11300648	10991314
11300648	4333359
11300648	10868996
5170800	2901002
5170800	10337630
10419999	2901002
11271281	2825570
11271281	8926720
11135962	2901002
10602316	2901002
10602316	7932273
6799378	2421817
6493355	9324678
4804608	11137576
9335777	5858851
9335777	4909087
9284675	7725670
6239923	6792743
6239923	9512152
6239923	4333359
6239923	10799544
3584680	6792743
11224526	7932273
9288752	4909087
9288752	9840637
11261273	9524722
11261273	8431111
6239923	4909087
9933449	6615163
9933449	6031995
9933449	9510729
9933449	11076781
4004863	4004863
4004863	3545273
4004863	9803111
9933449	6287308
9933449	2901002
10115186	10964685
10813833	10813833
6799378	7964527
9940782	4909087
11174424	7964527
11174424	9081267
11174424	4909087
5375274	7053679
7932273	9840637
7932273	9976846
7932273	8123710
7932273	2958943
8359315	423926
11241169	6349838
7881599	6361531
7881599	5238915
7881599	3735873
8244932	2901002
10133689	2901002
9757927	8208006
9757927	2570261
5375274	8123710
5375274	11015427
10029062	7237062
10029062	3284713
10029062	9803111
10029062	3967578
10029062	6797250
8901292	9840637
9758660	6287308
9758660	4333359
5322660	8410622
5322660	5322660
9142709	2864250
10970478	1762211
10970478	6881240
7938217	7938217
11111792	7077050
11111792	3483203
8212173	9512152
8212173	2901002
439621	2901002
439621	8228558
8219251	4550141
8219251	6220759
8219251	8111755
9806377	1294386
9806377	4278403
10443817	8970054
10443817	1831706
9271965	4673475
2308722	10895207
2308722	2901002
11210589	9803111
11210589	4333359
4150078	11161774
4150078	7964527
4150078	3711940
4150078	6779307
4150078	11180560
11109146	2901002
11109146	4909087
10029062	7812912
7671519	2901002
10854520	2901002
10494720	10964685
6414747	7505395
6414747	7964527
2938496	9108239
4948889	7671519
4948889	6792743
4948889	9698684
4948889	6286540
4948889	2901002
7590993	4819353
7590993	1782792
11173141	9081267
10719369	9698684
10719369	8727339
9936834	5847854
11132325	10201580
11132325	10712188
6674648	6674648
6674648	7237997
11171453	9742036
3096094	7053679
3096094	7053679
4526288	5855649
4526288	9177877
1839946	4909087
10791231	9698684
9518098	10142285
8060611	11150801
11148219	2695448
11146521	2901002
9919507	11141229
687739	8052902
8051444	2901002
8526986	2901002
8526986	4593642
8526986	2901002
8051444	2901002
5565466	9362747
5610840	3538107
10209499	7964527
10209499	2336654
10209499	4909087
4150078	10728920
9281012	5304366
4808588	5368599
4808588	11058247
8846998	366553
8846998	8846998
8795734	2901002
11100832	10734525
10230456	5692012
8417039	2901002
8526986	4323
11025776	7093741
11025776	221794
3524158	1168212
2110805	7077050
2006697	9067615
2006697	10089195
4436803	4490749
2293224	6942527
3403590	7318615
4701426	9960182
4701426	2901002
2716095	9129474
2716095	11035063
10755534	11021886
2198720	748858
1334657	2901002
11053304	7077050
8389470	6220759
2006598	3545273
9677043	9380597
5431734	2901002
5431734	9462009
5847425	4075155
5847425	8899386
5847425	8453690
7158436	5496433
7158436	6942527
7158436	9698684
7637930	6177877
7637930	4492932
9371703	3021415
9371703	10025972
6752994	2258013
7637930	7386332
7637930	2901002
9840637	2901002
9840637	4333359
9840637	8123710
4948889	8708364
4948889	4909087
10719369	8795073
10719369	6220759
10719369	10164573
10719369	7093741
1437138	9863207
10335144	6004983
9615917	6177877
9615917	4139744
9615917	7964527
9615917	2901002
10416218	2421817
3524158	4167945
3524158	9462829
11047864	196826
927827	10888655
5868293	8120908
5868293	2695448
5868293	7932273
5868293	4001592
11024951	10972959
11038901	9698684
11038901	2901002
11038901	9840637
3146365	7388477
3146365	2535611
8293309	11035961
8293309	4909087
6647375	4001592
1058584	1240268
4948889	2901002
4948889	7678879
2938496	4267414
2938496	4001592
501054	8953378
7852656	10998325
7852656	10998325
10719369	2901002
10719369	6361531
10719369	9840637
2717063	2901002
3088202	2901002
8727339	2084384
10985548	4893407
7420623	9962315
7420623	3483203
7420623	2406949
10834788	10834788
825227	11019598
825227	7165168
825227	736937
2129285	11019173
2129285	4333359
5413088	2357112
9530105	9698684
9530105	9209546
10834788	5625497
10834788	6250439
11000498	5916727
10865832	9209546
7347631	190597
7759833	9209546
8160881	2901002
8160881	9869695
8051444	10953743
8051444	2421817
9530105	4541412
9530105	9698684
9530105	9209546
9530105	9334238
9530105	10089328
8051444	9209546
10429891	4194079
10429891	6220759
10429891	2825570
9177877	7964527
6525082	1391671
9530105	9209546
4436803	5647272
4436803	4785185
1305886	8628758
1305886	5162768
6083404	7964527
10603191	2901002
10791217	9865110
9111050	5820814
10719867	5916727
10719867	7964527
10719867	4565947
10964500	9209546
10964500	7964527
10883088	8628758
10422855	4684861
8211523	9209546
8211523	9840637
6162307	2901002
7932273	2901002
2504762	2535611
2504762	6817835
2504762	7964527
9800981	2901002
9800981	2702737
5939036	2901002
5939036	6063482
9228219	1505540
10913191	7141506
6865678	7227627
6865678	100297
10938654	7964527
10780075	6047722
10780075	2901002
9800981	8539533
4803521	9177877
1696605	2901002
1696605	7093741
9530105	7223727
3685856	2937831
3685856	3685856
8222863	453475
8222863	8626601
9924147	5625497
9924147	9209546
8003817	10862252
10067043	10067043
10067043	10852841
10067043	5374924
8727339	2901002
3796599	5552309
3796599	4431194
7932273	2901002
9512152	5704863
9512152	7359176
8474517	5704863
6699237	8547198
10831574	5374924
1467082	2547724
7644267	10322766
4984061	10611983
4984061	7964527
10891071	5374924
10891071	1168212
10335283	3407256
10335283	521776
9772551	9209546
9772551	5820814
9542954	3152047
9542954	9209546
9800981	4016285
9800981	8345749
9800981	4499795
10865832	6361531
10865832	4838587
10865832	2901002
7004463	6361531
7004463	9299259
10865832	6361531
10801499	9108239
3116949	4238408
3116949	4001592
8741108	5510588
10542945	6817835
10818522	6615163
10818522	9198381
10112876	2847946
10112876	9198381
10112876	9299259
1243255	9177877
1243255	9209546
1243255	4333359
10801499	3679377
10801499	9209546
8207612	4098013
10507187	9209546
10833061	9698684
10833061	9209546
10833061	4909087
2397318	3149277
2397318	974555
2397318	2303761
2397318	2131903
6338443	2258013
5129031	9274732
5129031	7168104
10464813	4001592
10464813	5704863
9143467	6079395
9968110	7964527
10838789	1456927
5604992	4909087
9331478	3117592
10767482	4248842
10830071	7964527
10742470	5375464
4520017	4492932
2598876	9637318
2598876	2303761
2598876	772649
10821372	1869152
10821372	6615163
10805303	5820814
4966699	4381487
4966699	4381487
5120089	10201580
5120089	2901002
5120089	9698684
10770660	5704863
10770660	9754169
10770660	9698684
7420623	9209546
8727339	8708364
8727339	2901002
2293224	7964527
10211367	9307263
10150468	5820814
10516752	8467973
9590712	2901002
10133689	2891152
10813833	1505540
2170140	10067173
4317794	5516874
8791503	2891152
651174	651174
651174	542190
9431057	9209546
9431057	3639023
9978457	9209546
9978457	4909087
9978457	7964527
10332687	9505737
10719867	4390160
8791503	6047722
4964409	6615163
4964409	9845763
4964409	8252763
10741532	4909087
439621	6287308
439621	1212401
439621	2966617
439621	4909087
10789500	2739274
10720165	9177877
4150078	4016285
4150078	9274732
4150078	7388477
2304735	9142590
2304735	7752296
9775974	9775974
9840637	9512152
9840637	3073185
3277133	5820814
1941253	5828883
10543130	7964527
9177877	4909087
3277133	5866580
3277133	7964527
3277133	4909087
5656327	7964527
5656327	4909087
9210757	9497965
9210757	4909087
10376194	7400128
10376194	9553594
10376194	3483203
10395806	10699910
6912791	7057003
6912791	4492932
9832302	9754169
6896605	10464813
5820814	2901002
5820814	2901002
5820814	4542359
5820814	3510736
8849216	6361531
3446351	4909087
2362852	2901002
596841	7964527
7420623	7420623
7420623	8046232
7420623	6109920
7000874	7000874
8468264	8468264
8468264	9500059
6945824	8708364
2867882	9948827
8469518	10687003
7644562	7964527
7644562	8046232
5820814	4800652
5820814	8708364
5820814	2901002
7058823	4909087
7058823	7964527
10582772	541038
10582772	8146556
4150078	10653196
4150078	3390419
4150078	3288092
5713272	10239789
5713272	2901002
5713272	4098013
5704863	190597
9760446	7964527
9747311	2901002
9747311	4198852
8335487	9209546
8335487	9698684
8335487	4684861
9467345	3483203
8335487	2540669
8335487	2570261
9177877	9209546
2782382	7964527
8335487	5820814
6540590	10719722
4150078	4001592
10512735	9209546
10512735	10239789
3277133	5960182
8080957	10717233
9773812	7964527
9773812	6031995
5453723	6154287
5453723	5465130
5453723	6147621
5453723	5453723
1155578	6671176
3277133	7964527
10655721	10655721
10655721	5736515
10339255	3254400
9590712	4703367
9590712	2298012
9590712	4843503
7166834	5720196
7166834	8727339
7166834	2901002
7166834	9698684
5071733	6845383
10395806	7141506
10395806	6345518
10395806	6154787
9933449	9209546
766708	7954504
766708	7835267
766708	10633290
10395806	4279661
10096185	8708364
10096185	6296473
2260344	2901002
4520274	6799297
4520274	6866811
3936294	7954504
10586136	5811078
8482467	9209546
1970751	9209546
1970751	4267414
8688154	9209546
7376796	10417489
7376796	7964527
9776699	5120049
9776699	2901002
9776699	5178905
8224364	2901002
9794732	5811078
3800761	6108661
2649064	4551984
8916344	4829258
5218354	5811078
3277133	8320861
10609992	2336654
2298012	8208006
2298012	9274732
10530575	8146556
10530575	2336654
7081275	5820814
7081275	8146556
9932027	3908247
9932027	8111755
7810784	1163373
10464893	3279716
10464893	9492673
10361602	2901002
3277133	7964527
3277133	6671176
1243255	6671176
9629771	4333359
9629771	7964527
3277133	7964527
10535881	7359176
10535881	8334261
10535881	7954504
3277133	67579
5071733	8111755
5071733	2027457
5071733	3650983
3277133	4801783
3277133	8643941
3277133	67579
3277133	3483203
3277133	9209546
7698116	6342812
10561031	9108532
10561031	8305660
10561031	3894543
10561031	8146556
10561031	5535114
10518845	2901002
9289272	3740545
613326	9799449
613326	8811397
10453850	4008392
8792365	9209546
8792365	2901002
8792365	6858244
4370943	7171976
4370943	5015569
4370943	4807458
4984061	9948827
4984061	4025659
9466906	2901002
9466906	7505383
9629771	1766544
8167871	3254869
2397318	2535611
8636829	7964527
8636829	8046232
5597304	4333359
9629771	8283047
10529316	10169453
2960173	7964527
7763266	5704863
7763266	2901002
9153261	2901002
9153261	8683073
7086487	5820814
8468264	9177877
9629771	2695448
3448738	7473629
3448738	10020435
9629771	9629771
6375136	5383801
6375136	9305398
9882094	10321210
8444827	3423035
8382707	8320861
6227378	3483203
6227378	5806755
4984061	4984061
10489612	2901002
3277133	8146556
3277133	10325516
10424268	10255652
10424268	3462509
10424268	3386063
8167593	4585713
8167593	7964527
3088202	9754169
3088202	8335344
3987860	5811078
3088202	4333359
10477783	9202873
3432888	487339
3432888	7964527
3432888	3483203
10117424	4333359
10117424	3483203
10117424	6671176
10117424	3483203
10117424	9209546
681132	3877338
681132	1541036
681132	5182136
10458537	6361531
8570006	5224926
7420623	7758804
8570006	4333359
7420623	6004983
3642360	6361531
10321210	4333359
10321210	2799941
10321210	9371607
10321210	6348485
10445593	2901002
3494669	8320861
1305947	5276520
9218680	3483203
6279440	6287308
6279440	3483203
6279440	6671176
6387095	7964527
6387095	4800652
3259331	381179
3259331	5741205
3259331	2336654
10095708	7835267
3277133	9209546
3277133	7964527
10133689	9218680
802589	9051284
10112876	5467038
10112876	9874393
2560244	2901002
2560244	6887528
9347860	2901002
8916162	6671176
8916162	10292474
9991654	7835267
8791503	7964527
6642287	9769953
2560244	2901002
10375012	2901002
10375012	4317058
10375012	9218680
7204030	2901002
9080252	8305660
9080252	6942527
9080252	8708364
10321210	7277561
10321210	3800761
8612523	2961541
8612523	2336654
8612523	9769953
10312635	10394826
4513726	7964527
3472679	7862558
9678643	9902740
9678643	9067271
10384413	4016674
10084965	2336654
10084965	6480402
10084965	7964527
10084965	6671176
2335020	9202873
601787	2260
5709240	8305660
5709240	2535611
10369881	7013576
3448738	6671176
5963678	3471881
9161067	2336654
9161067	7964527
7111382	7111382
7111382	6287308
7111382	3023116
10205020	10242229
3645735	3645735
2943311	3483203
6198903	2901002
3441488	3483203
3441488	2535611
7319366	7964527
7319366	3483203
7319366	6660373
7319366	4198852
7319366	10320838
7319366	2535611
2700041	943138
887651	8404453
887651	10201580
9615917	8208006
9615917	10242229
3277133	9074332
9629753	9209546
9530972	4819376
9530972	6814154
8670757	1422451
8670757	6361531
10324442	9209546
10324442	9840637
5560898	4557382
5560898	8136350
5560898	7964527
5560898	7388477
5560898	9177877
1725377	3483203
1725377	6087502
3861199	2901002
1725377	2535611
5724487	7964527
5724487	8305660
4631379	4333359
4631379	5506894
3277133	7964527
10099689	9209546
8377782	7964527
8377782	2137255
8377782	9209546
8951220	9754169
9645702	9067615
9874096	8380272
9874096	7862558
9874096	3483203
6109920	2823755
6109920	7592064
6109920	6220759
4850343	4572274
4850343	2336654
7319366	6403976
7319366	4098013
7319366	2901002
10112632	6321559
10112632	7964527
10112632	3793674
8364914	6671176
8364914	7964527
1725377	7964527
9118733	10284439
9118733	8320861
9118733	2137255
5560898	2336654
5560898	4909087
5560898	5224926
8203242	2336654
10112632	6671176
5560898	7964527
5560898	2336654
9493987	2715948
9493987	9493987
9493987	3859224
9493987	5224926
3880322	5115805
7134583	9209546
9524848	8749168
9524848	6849682
8705615	9754169
5560898	2285236
8705615	8146556
8705615	1773367
5560898	2695448
5560898	7964527
5560898	5506894
8705615	1359058
8705615	9209546
8705615	6580543
10211367	4557382
10211367	7141506
10211367	3866172
10266803	9915320
10266803	8959807
6236543	7024766
6236543	2901002
5560898	3483203
5560898	6671176
5560898	2535611
4487782	8380272
4487782	4909087
4487782	2535611
4487782	487339
4487782	7964527
5560898	8380272
5560898	7964527
5560898	4909087
10230503	6353021
3277133	4333359
3277133	3483203
8542692	4819449
8542692	3639023
8542692	7964527
5560898	7964527
2493856	146073
10139745	233813
10139745	5309300
9161067	8380272
9161067	3483203
5560898	7964527
7332095	4909087
7183666	478288
7183666	3800761
5560898	3483203
5560898	9003475
5560898	2901002
4150078	9209546
2493856	2925052
8364914	7964527
8364914	4909087
8878774	8878774
8878774	7252651
6311520	6195815
6311520	2901002
5426588	1252759
5426588	3483203
10245736	230454
10245736	7273886
10245736	8258902
10245736	1252759
3277133	4909087
3277133	4909087
3277133	10232261
3277133	2701933
6220759	4867193
6220759	7013576
6220759	6631196
7319366	2901002
9341104	9341104
9341104	3483203
9341104	6552084
9341104	4585713
4172411	9209546
4172411	2901002
4172411	7964527
10112632	2901002
9919494	3316882
9919494	1532172
9919494	17160
7518091	532312
9793589	7223727
4005417	9209546
4005417	5178905
10215211	9936763
9161067	9161067
7795084	3483203
7795084	2535611
7795084	1717828
9727789	3483203
288609	3483203
288609	2535611
4727608	8380272
10206336	7579547
8791503	2535611
7518091	9461974
7518091	9413990
7518091	9937273
7489488	7847903
7489488	9067615
8683269	2901002
10174011	2136892
6296473	4098013
9923495	5916727
9814693	9209546
9814693	4909087
9500464	2535611
9500464	9209546
5661594	5299969
10179907	9067615
10179907	308903
10087103	9546225
10087103	2799941
7319366	6671176
7319366	10101628
3701435	2901002
7004463	7964527
8854868	2901002
8854868	9274732
10164199	2413201
10112632	797495
10112632	2136892
10112632	7964527
10112632	2314391
9754169	6361531
9754169	9435107
9754169	2695448
9814693	6671176
9814693	7964527
9851762	5575238
7319366	2901002
4862326	2901002
7319366	2901002
7319366	2535611
5229651	9209546
7590993	4909087
7590993	4174466
8881141	9274732
10118268	1532460
9814693	2901002
4930767	4930767
4930767	8427263
3262260	2901002
5776061	2901002
7938217	190597
7938217	7938217
5286020	7173785
3277133	9299259
3277133	4737952
3277133	2570261
5703997	3490320
5703997	9209546
5703997	2136892
3277133	2535611
2987780	10011003
9851762	2901002
1175276	6615163
1175276	7964527
4650297	8146556
4650297	7571052
4650297	8166632
7319366	5811078
4948889	2901002
4948889	2901002
420892	2901002
1718956	4492932
10112275	7964527
7092900	2336654
2731627	2759482
4948889	7964527
4948889	9209546
4948889	7964527
4948889	704848
4948889	9209546
6944193	532312
7361872	4684861
8526986	2901002
7058823	8380272
7058823	2901002
7058823	3483203
9978457	7964527
10095849	9754169
9978457	2901002
4713504	8380272
4713504	4593127
4713504	7964527
7590993	4264155
7590993	6671176
7590993	2901002
8526986	2901002
8863651	7715811
4948889	3141704
4948889	2901002
7590993	7386332
7590993	2137255
8007037	7668911
714319	7619676
714319	6361531
2520416	2901002
2520416	9209546
2520416	532312
7166834	2901002
2520416	9209546
2520416	2901002
2520416	5811078
2520416	7746365
8007037	8007037
9305523	9209546
8007037	3704368
8007037	2535611
8007037	3483203
8007037	2137255
9431057	7386332
9431057	9806717
6930275	6930275
6930275	3112049
6930275	8371811
8117146	2303761
8117146	2570261
8117146	7964527
8913334	487339
2366975	9209546
4948889	2901002
1021602	8305660
1021602	532312
1021602	9232410
8117146	2901002
8377782	2901002
4949486	2017661
4949486	5215507
4949486	7671874
10002343	532312
7290240	4323
10022489	7964527
6571807	8898218
9749924	7311767
5856119	8008776
2560244	1267132
2560244	9209546
4447920	2901002
4930767	5745211
10028257	6361531
6664990	9605907
9896697	9462257
9896697	10000141
9347149	5458214
6027759	2901002
6027759	6158987
9978457	9209546
9978457	6321559
4140027	7386332
4140027	7964527
7828747	9274732
6621095	2535611
9099959	9209546
9099959	10004959
9099959	2901002
6476801	3483203
6476801	6671176
7705108	1106952
7705108	8747
7705108	870281
9915008	2336654
9915008	9609447
6328506	908494
10002855	2796965
10002855	3986395
3071728	2336654
3071728	7964527
6745924	3483203
985805	9209546
985805	10000506
9298540	8278193
714319	2901002
9099959	2336654
9099959	2901002
9099959	5811078
9755419	7964527
9755419	2535611
9979425	7547749
9280381	7936002
9280381	790387
9976400	3198568
9976400	9664208
9119615	9209546
8306666	736937
7252868	2901002
9983733	1018659
9983733	5649747
4923452	4923452
4923452	9209546
4923452	4871110
4923452	2336654
8421707	8471144
8421707	8589512
8421707	3152844
9978457	6671176
9978457	8259064
6383397	4737952
6383397	5374924
9814693	9968677
8602567	1509797
4140027	2535611
9430995	4333359
9430995	1592364
8385787	9034642
5089491	4340985
3154212	3154212
3154212	4800652
3154212	4909087
9928075	9209546
9928075	3316882
9927674	6477201
9927674	8708364
9927674	4492932
4950219	2796965
9927674	3992043
9927674	416467
8683269	9085596
7406634	9209546
4210341	4210341
9840637	4871110
6064886	9209546
9572558	6361531
9572558	4323
1134881	5916727
1134881	9209546
3860993	9947339
9730578	8259064
1362485	7964527
5305512	2354344
4208085	4472331
9656021	7964527
8791503	9609447
8791503	3483203
8791503	5085211
3088202	9274732
9933618	1540468
1161841	736937
7398654	7716312
9929376	1252759
5703997	4333359
1972924	9274732
7476643	9209546
9099959	2901002
8493059	2901002
9563832	2901002
7535911	9209546
9467345	3483203
2463655	2336654
2463655	9885313
4140027	4909087
4140027	7964527
6818308	7964527
4140027	7964527
9814693	2901002
9814693	3063243
9814693	9814693
9456633	5811078
9456633	2901002
9456633	532312
9150656	4096283
3088202	6671176
3088202	6671176
3088202	3520965
219981	202229
219981	170005
219981	704848
9863366	2570261
8240649	9209546
8874771	7716312
9814693	2901002
4446712	9209546
4446712	7564333
1509695	1897678
9850287	5033247
5256982	7838574
5256982	6190930
9838554	6576244
8315659	444036
8558369	2901002
8558369	4684861
6009803	8008776
7166834	2901002
7166834	4098013
9826042	8305660
9826042	5647038
9826042	4684861
9826042	3483203
9814693	532312
9814693	8605791
8482467	5741205
2835670	2867928
2835670	4909087
2835670	6671176
7980137	2535611
9739252	8839068
3766129	2901002
3766129	9209546
9797393	1975277
8973011	190597
9745413	9299259
9516819	4909087
9516819	9274732
5729272	4333359
3837482	2901002
8716856	7964527
8421707	3510736
8421707	2901002
2044409	3510736
5092352	5178905
5092352	9209546
5092352	2901002
4447920	2901002
4447920	9321816
8345434	4983450
6648980	4585963
6648980	7964527
9290070	2336654
9290070	7964527
9290070	9209546
5171347	6671176
4288043	2901002
4288043	7964527
4288043	9740103
7891534	2901002
2188011	2901002
2188011	6671176
5171347	5741205
5171347	3510736
6741482	487339
2497039	9209546
3766129	2901002
8595091	4909087
9696894	702383
9696894	9696894
5280293	5745815
2948334	1648033
9299259	2296458
9559162	2336654
9559162	7964527
9716975	5508500
7705108	2336654
7705108	7964527
5065796	6671176
5065796	6361531
8792365	9209546
8792365	3510736
4766576	4766576
7938217	7386332
9693433	7565352
9693433	5828183
8315879	2823755
8315879	2901002
6133106	702383
8867891	5811078
8867891	4871110
5550284	9209546
754176	487339
6736266	2901002
9614582	3510736
4663377	2666057
9158985	2901002
9158985	8839068
3449832	5811078
5424671	3510736
9648755	9209546
9253686	7194881
9586779	9209546
7327411	3760920
1362485	2336654
1362485	3483203
1362485	7964527
1362485	7964527
3990451	2336654
3990451	9209546
4916699	3381215
4916699	5348862
4916699	1110687
4815958	4815958
4815958	4582949
9615917	3645903
9609898	6671176
9605440	4333359
7552761	5907870
7552761	3510736
714319	714319
714319	4983450
1312791	5907870
7930571	4909087
9592244	8610165
4001750	3328804
4051357	4051357
3180386	7964527
3180386	9299259
3180386	8008776
9586779	7964527
9586779	9209546
6073158	8683182
7786035	8008776
9548894	4343502
104071	6671176
104071	7964527
317331	2901002
6043544	7907591
4145446	2901002
4145446	9055614
4145446	1568919
6289601	9209546
7955476	2901002
6932758	6866811
6932758	8072983
9350722	2373748
699010	7207392
699010	9253686
699010	304093
699010	5811078
699010	4962332
9194769	4871110
5894276	2901002
9203524	9203524
7638174	2901002
7954504	1126841
9549286	5741205
9549286	4909087
9549286	7964527
4490400	9209546
4490400	2901002
3766129	2901002
9325434	6312276
3688956	2901002
7087474	9209546
7826511	3192400
9396878	1577947
9396878	9209546
7422287	189418
8783169	5014700
8783169	4492932
8783169	667883
9047139	2901002
2514936	9209546
2514936	7964527
7696283	2901002
7696283	7932273
5703997	9177877
7420623	4001477
9305276	2074981
9305276	9209546
5703997	9209546
5703997	3318273
7696283	7696283
7696283	642070
6382434	6287308
6382434	4683950
8102068	9209546
8102068	7964527
8102068	5741205
687739	2901002
9470055	5103802
8972207	5414307
8972207	4683950
8637577	2145789
8637577	4909087
8637577	2336654
8637577	9209546
8637577	9299259
8637577	6287308
9466906	7505395
9203524	2901002
926438	2901002
926438	374092
9396878	7908770
9396714	2901002
1634753	7964527
1634753	2901002
1634753	79793
1634753	5514476
1634753	1088415
1634753	9209546
1087908	9209546
1087908	2570261
1087908	6287308
1634753	5017267
1634753	4909087
8372455	4887682
8372455	6684107
5312971	1451346
5312971	1456830
8753634	146073
8753634	2901002
8753634	6764663
9011271	3579910
3180352	1252759
3180352	9209546
3762120	8666528
3762120	2901002
3762120	9209546
9346665	9209546
7426965	9209546
8300917	9209546
8300917	5741205
7638546	7964527
7638546	2336654
7638546	9209546
7638546	4909087
8300917	1499803
8300917	9209546
8300917	7368203
8300917	2901002
8138305	9209546
8138305	667883
4561777	3877338
4561777	2411802
171318	2285236
3071728	7964527
8879248	8879248
8879248	2901002
6468053	7724156
6468053	6786975
6468053	2285236
7637930	2411802
4288043	4288043
1718097	4829258
1718097	9416508
1718097	2901002
9418328	9209546
9418328	2901002
7932273	7932273
9203524	6672746
9203524	9203524
8624402	9295613
8624402	8431275
8624402	2336654
5236124	2137255
5236124	1672128
3088202	4829258
6043544	4055021
6043544	9183344
6043544	4873159
6638903	2901002
6638903	6638903
6638903	1536437
7564704	2336654
8848555	2901002
9378512	9209546
9378512	7996271
8154776	7964527
7204030	2336654
1709088	7964527
1709088	6361531
1709088	7359810
1709088	4505244
9367408	7386332
9367408	7326738
9367408	1187220
9273350	9311370
9273350	9349968
4288043	6422477
1015633	2901002
7166834	2901002
3534551	667883
5839247	5080669
5839247	9209546
5839247	2901002
6938066	2901002
9347541	667883
9347541	9209546
3630656	9183344
3630656	6361531
3630656	7964527
755671	7964527
755671	5241032
8218216	8218216
5993523	2901002
9095587	1534017
9095587	9209546
9095587	837534
9324531	5741205
7933539	4683950
9298373	7932273
45963	7964527
45963	5741205
45963	4492932
7070600	2336654
45963	2336654
45963	826983
8415577	5178905
8415577	532312
8415577	2901002
2676049	3727550
2676049	2049147
6916973	837534
6916973	6147371
6916973	4579041
6780117	9209546
6096742	9209546
5120955	5120955
5120955	3919467
9203524	2901002
5985921	4829258
5985921	7964527
4710845	4983450
4710845	7964527
9248279	7311767
4363045	2901002
4363045	5741205
9108912	2102114
9099959	5230735
3177936	2622907
3177936	3177936
3581217	6388994
4288043	2901002
323303	323303
323303	2901002
7426965	4909087
8349184	5741205
8349184	6509519
6768052	5741205
6768052	7964527
8960574	6509519
8960574	5116025
3762120	2901002
3120489	5851928
5839247	8841872
5839247	3522130
5839247	4909087
4148807	6054622
4949486	4949486
5336019	2901002
5862295	2901002
5336019	1281485
8936256	7661057
8936256	4107693
9173983	4909087
7595201	3704482
4796694	7311767
5438460	4829258
7452651	5514476
7452651	6520041
7452651	7926383
7478456	6149882
7086216	7964527
9134181	2901002
8801308	5309300
8801308	5508500
9036931	2901002
8801308	2901002
8801308	826983
9117548	9117548
9117548	8003790
5100922	4819376
5100922	5811078
9045698	3480223
9045698	6022016
9045698	2901002
7535156	1635180
9099959	7134286
9099959	9099959
9099959	8840163
4266087	2901002
6343187	7964527
7853947	7853947
7853947	2799941
7853947	7505395
9089567	4016285
9089567	6361531
9089567	4909087
7961216	9069224
7961216	7386332
9049065	6477201
8404439	7747975
8404439	8166632
9045698	7964527
9045698	7267841
9045698	6361531
9045698	534238
9045698	5003756
8569352	9017455
8569352	7134286
9054360	5602504
9054360	8715110
9054360	7761024
9036931	2901002
9036931	2901002
9036931	2901002
9036931	2901002
9036931	7964527
9036931	5003756
9036931	7964527
5336018	6927601
5336018	5173232
7557159	2901002
5703997	5741205
5703997	7106045
5703997	7381528
4652493	2901002
5909441	8320861
4681134	8478253
4681134	8435769
4681134	2463570
4681134	2271269
4896331	6900838
7853947	1930543
7853947	826983
2740727	2137255
8970878	2901002
4608626	4044103
4608626	3639023
1876739	2901002
7478456	653364
1734278	2901002
1734278	4983450
5109802	996205
5109802	8896651
5109802	7964527
5109802	2285236
5665505	6287308
8555729	7847591
5703997	4887708
5703997	2464121
7804991	6361531
8977872	6139279
8977872	6781575
766708	2901002
766708	4800652
501054	2901002
501054	4800652
8950775	2857926
8945029	8945029
7954504	3339965
3986320	2901002
3986320	7964527
501054	2336654
6020610	2901002
4035529	7851470
8267109	8756315
8479607	4366229
2026781	2336654
2026781	1240268
2026781	7954504
2026781	7964527
757590	757590
7171587	8747665
8479607	8807079
8479607	4800652
6560626	2901002
7823253	7964527
7823253	6287308
7620499	3707720
8799263	6900838
7805829	7964527
2904588	2875563
5141727	4800652
7300005	890242
7300005	2336654
7300005	2901002
7300005	4995030
8458838	8458838
8458838	2901002
8238124	6287308
8238124	5741205
8238124	2336974
8238124	2901002
6720997	1404311
7388024	7964527
7388024	5811078
7388024	6341054
3088202	4983450
3088202	5741205
8579043	190597
8317830	3619945
2717063	7780353
2717063	2901002
3166881	1972924
3166881	4909087
905423	5741205
905423	5205141
8729326	56541
8728073	5741205
7751504	6573902
7751504	2137255
7751504	6451244
5868293	2901002
4990359	5107488
8500760	100297
8500760	8347081
7469605	7571052
7469605	5633320
5421539	4323
7853947	4800652
7853947	2336654
2480769	2411802
2480769	2336654
3259331	3259331
8690470	2901002
8690470	7068859
8684491	3293881
8684491	6287308
8684491	7964527
8664762	4247599
8664762	8529697
8664762	2901002
8622826	4359551
8622826	2137255
2717063	4985733
7853947	2901002
7853947	2236150
2717063	2901002
7646954	7646954
8315819	2901002
8315819	7964527
2717063	2336654
2717063	6361531
2717063	2336654
7326305	190597
7326305	5393381
7326305	5741205
7954504	2336654
2856558	5393381
8525203	1453822
2717063	2901002
8194773	2901002
8194773	4800652
8194773	1782792
8622826	1506264
5624176	1506850
5703997	8381385
5703997	2901002
6678835	2901002
2717063	2901002
8572491	2336654
8572491	2901002
8572491	4900574
5703997	5741205
2717063	5741205
2717063	8368216
2717063	8194773
2717063	1762211
8592585	2901002
8592585	7491646
566676	8166632
566676	2080228
8144295	8231181
4623656	2901002
4623656	2137255
1773344	7964527
1773344	190597
4825905	4642859
8543025	6361531
8543025	3135417
8543025	2137255
7954504	7954504
2244081	6342575
2244081	5276797
7926383	6343538
8409191	4800652
2950747	7964527
2950747	2411802
2950747	5741205
5240684	7964527
8484483	7964527
8484483	2411802
8484483	5741205
8266561	5916727
8266561	2074981
7492284	7492284
8290376	7964527
8290376	2324298
8290376	2901002
5571914	2901002
6421290	2901002
4663679	2336654
4663679	7964527
4663679	2901002
8351688	2336654
8351688	4760331
8351688	2411802
8351688	4832296
8351688	5026929
8436383	4365003
6052531	5075720
6052531	2411802
4321039	4323
3437787	2285236
8419482	2336654
7528751	8408934
8328781	8290376
8328781	5026929
7781835	2901002
7781835	812662
7855154	2137255
7265880	5514476
7265880	2336654
7265880	6342575
7265880	4983450
8267167	2336654
3200391	4549682
8290376	8290376
8290376	2336654
8290376	7985142
5571914	2901002
8081595	1782792
2719598	6361531
7547749	2137255
7547749	1453822
8386173	2901002
7672533	6655211
1539741	2901002
8372455	2336654
8372455	2411802
8372455	4686625
8372455	4909087
7672533	7672533
7672533	5003756
8183395	2901002
5626112	2901002
5626112	3293881
7528751	146073
687896	6361531
6803114	2336654
6803114	2901002
4537383	6361531
4537383	5741205
5120955	6361531
4898964	5448552
4348534	2901002
6901159	6065591
2208922	8231181
7492284	7214344
8290376	2901002
2394952	7746385
7849851	5741205
7900140	4800652
7900140	8144295
5312971	2336654
7492284	314922
7492284	5393381
7492284	2821252
2562744	7964527
2562744	5741205
8229816	6361531
8229816	5241032
8229816	2901002
4949486	3990806
4949486	7445833
8286317	667883
4459434	2901002
4459434	4955404
7954504	2285236
7993873	8231181
8229816	8231181
8266561	5497294
8266561	5300112
8266561	2285236
6005062	7982275
6005062	7964527
5312971	1562285
8227494	1404311
7574860	1577947
7574860	5741205
6026929	2901002
1058584	7688996
1058584	2897372
4704969	2336654
4704969	2285236
8177554	4492932
1738879	7964527
1738879	2336654
8172319	6361531
8172319	67579
5312971	6361531
6304017	6304017
6304017	4049396
7836530	2901002
7836530	704848
8000201	2287299
470184	190597
4043845	6361531
3864014	2901002
6916973	7311767
6537007	7311767
3731467	3731467
3731467	6342575
7882136	6622817
7882136	1478537
7037746	3626961
7037746	2336654
7204030	487339
7584467	7311767
7584467	1240268
673760	667883
673760	6163621
673760	2336654
4745249	1240268
5474317	2901002
5474317	667883
3991782	5917484
7683796	667883
7683796	6277525
4972716	5741205
4972716	837534
4972716	5520354
1627234	5741205
6560626	7000863
7964299	5741205
6866170	704848
6916973	4956987
7914683	3339965
5024531	2336654
5024531	5006
6560626	2901002
7172306	5741205
7620879	2901002
7620879	7887265
977038	2901002
6560626	5085211
7857104	1422451
1115277	2336654
4114372	3135417
659463	2899837
7820917	5741205
4949486	704848
2302819	10335
2302819	2302819
4043845	5741205
4043845	6361531
6916973	6287308
6916973	7607701
4043845	2336654
4043845	624829
6916973	2901002
6916973	6817835
3356309	839957
5332464	6203717
5332464	4323
4043845	3628236
4043845	5003756
7469605	2823755
7469605	7678879
4043845	2336654
4043845	1427416
4043845	5952674
4043845	6287308
4262057	10238
4262057	311124
7593646	6207849
7593646	2336654
7565818	2336654
6916973	5741205
1838999	3558644
1838999	42346
7565818	10238
7565818	42346
7391006	2336654
7391006	1753919
4559679	2901002
6916973	5741205
6916973	6916973
6916973	4356204
7696422	3558644
7696422	6053327
7469605	6451573
6916973	4686625
6916973	5869177
6916973	4787467
6916973	4686625
6916973	4983450
7565818	7565818
7565818	1239729
3848207	3027854
1761521	624829
1761521	4431535
4949486	2901002
2366204	2867744
5791826	7366928
489564	7366928
7112155	2748781
7112155	5800230
1761521	2901002
7615984	2336654
7615984	1562285
4394770	2901002
7457873	2901002
6916973	4082217
6916973	4323
4140027	2901002
4140027	1057443
7265880	3054161
7565404	5741205
2335820	7168677
6377863	2336654
1290680	7311767
1290680	7311767
3259331	2298070
6916973	4082217
6916973	4492932
3225420	2336654
3225420	487339
3225420	6287308
3225420	682797
5696518	2901002
5696518	1993206
1500255	5741205
1500255	1884171
3917349	6797347
3917349	624829
7505513	3805500
3993270	2901002
3993270	2336654
6637269	6637269
6637269	2901002
7493449	1936114
6592934	6779307
58634	3877338
58634	2336654
7400738	5741205
7400738	6207849
7469605	2901002
6592934	6207849
6592934	2901002
7416134	2399894
7220655	240490
6106842	3707607
7421001	3707607
5665505	5741205
717880	2336654
3113510	3067241
3993270	545438
3993270	4983450
3993270	2336654
4781358	7244759
4781358	5741205
5155413	704848
5155413	5741205
7179203	3954379
4140027	5806746
4140027	4983450
4140027	5741205
2396502	2901002
950280	4983450
7350180	4983450
1909918	2336654
1909918	3707607
7329278	3707607
7323821	2336654
6437260	4492932
6437260	2901002
7304040	5673316
5316326	2543372
5316326	2901002
6511941	4983450
7008941	1609428
7008941	6596015
5467595	2543372
3812967	1240268
3142347	6207849
1909918	5741205
1909918	3558644
1909918	3765319
4928920	7171976
5869177	6207849
7008941	6924242
6646696	49559
7008941	2901002
6539435	2857926
7008941	2285236
7008941	3025981
5452748	5741205
4727766	3339965
4727766	5741205
4727766	1474727
4727766	704848
4727766	2063361
7008941	189418
6858597	2670792
4727766	624829
4727766	2336654
4140027	378704
4727766	4983450
4140027	2901002
4114372	2901002
4114372	2285236
6895009	3124409
6895009	4099813
7076909	6900523
7076909	4983450
7076909	4313064
4114372	5626112
4114372	4177078
5834316	7045225
5834316	2901002
4570230	4413446
1067308	2336654
6866170	2336654
6866170	704848
1269634	1422451
2965601	5741205
2965601	2285236
6828360	704848
6828360	4291583
2039162	12663
3751373	3751373
3751373	6207849
336527	4983450
1086688	839957
6244166	5433002
3447158	3447158
1414455	146073
5435124	2901002
6681502	5741205
6681502	6414203
6681502	1762211
6681502	6669476
1909918	6207849
6418963	2901002
6665281	1681480
6665281	2336654
959937	6657815
4596596	2336654
1017917	3455794
1017917	2483271
1017917	3732271
1017917	4983450
6377863	3165737
6377863	3846228
6377863	2411802
2789717	2087463
2789717	1225744
5586178	190597
5586178	2901002
4642859	2336654
226897	2901002
226897	2411802
1909918	2336654
1909918	2285236
4596596	5648958
771848	5717589
2333196	3293881
2333196	2336654
6096125	2901002
6096125	6540219
6538950	2285236
6377863	1439745
6377863	4983450
6311384	1494637
6377863	3339965
6450762	1251596
4032552	2901002
4972716	1494637
6311520	2336654
6311520	5805289
5630994	6005451
5630994	1101713
4972716	2336654
336527	699305
336527	2901002
336527	5314012
6311520	4585963
6311520	2901002
6311520	3657742
5857901	2411802
5857901	2336654
4392566	1494637
514210	4686625
6311520	2901002
6311520	1494637
6311520	1494637
6311520	4317058
4716552	5741205
2826011	5717589
6311520	2901002
6311520	4983290
2826011	987185
2826011	2901002
6246100	1320510
4972716	2336654
1181744	1227991
1181744	257465
5816243	786593
5816243	1624921
5816243	6259990
5816243	2549021
5816243	6259990
4972716	5019586
4972716	2635790
4972716	2826011
4972716	2357112
4972716	3991649
6240629	4983290
4972716	5741205
4972716	1771479
4972716	5741205
4972716	5741205
4972716	2901002
2826011	3628236
2826011	1910242
2826011	2137255
3798597	190597
6168738	2826011
961346	2411802
6168738	5741205
6168738	3691783
6168738	2901002
4774724	5402048
4774724	704848
4797524	5976265
4972716	3474956
4972716	5331112
4972716	4394564
4972716	3077059
6106301	5910654
336527	4542359
336527	2699288
336527	3510736
336527	2901002
336527	2411802
351204	351204
1082349	2901002
6019463	3510736
6019463	2411802
5435124	2901002
674301	674301
674301	1502891
3079439	2901002
1941253	4542359
2851730	4667484
5943247	4667484
5931373	2028710
5931373	2142055
4723039	2901002
4723039	2370124
3682157	190597
3682157	844823
5872497	2901002
5872497	5276797
5826447	837534
5826447	2070074
5826447	5142797
3165737	2901002
2044409	2901002
5799632	837534
5799632	704848
5569314	1494637
5569314	1968405
690430	690430
690430	704848
5712829	5712829
5252013	2901002
3675040	3675040
4804108	1240268
5435124	2411802
5435124	1494637
5435124	1857805
3381215	653364
4138764	4720640
1232891	2411802
2293224	707650
283296	487339
4805990	2141635
4805990	4807623
4805990	487339
4805990	704848
4805990	447015
3682157	487339
3682157	704848
3682157	795990
3034614	2699288
3034614	704848
3165737	3165737
2044409	704848
4805990	1245190
2669472	704848
3165737	3877338
5160111	5160111
283296	190597
283296	180709
283296	317130
4526367	3394978
4526367	5014134
1763955	3898293
5006885	3868428
5006885	5014134
2300461	487339
2300461	704848
2300461	1240268
2300461	170005
2044409	3437504
3675188	1113211
3675188	918959
3675188	1968182
2526657	487339
833300	4077912
833300	704848
2526657	487339
3919467	1628722
4110613	704848
283296	2141635
461202	3334852
833300	3849456
833300	498892
833300	1678467
984201	1744834
2300461	1289107
833300	833300
3199212	1827356
2300461	2300461
2766558	190597
3682157	190597
3682157	1222578
3682157	298607
461887	704848
3682157	2487184
283296	1240268
3765319	653364
847663	3599890
1502345	190597
847663	1240268
847663	847663
1588795	1588795
1588795	1240268
2468646	137783
2935984	1240268
2935984	625914
2445114	1240268
2445114	1221924
1786316	398968
1786316	644898
